<?xml version="1.0" encoding="UTF-8"?>

<!-- generated on Wed Aug 30 12:38:45 2023 by SUMO Version 0.26.0
<?xml version="1.0" encoding="UTF-8"?>

<configuration xmlns:xsi="http://www.w3.org/2001/XMLSchema-instance" xsi:noNamespaceSchemaLocation="http://sumo.dlr.de/xsd/sumoConfiguration.xsd">

    <input>
        <net-file value="/home/joao/Projetos/reroutingStudies/Luxembourg/sim.net.xml"/>
        <route-files value="/home/joao/Projetos/reroutingStudies/Luxembourg/buslines.rou.xml,/home/joao/Projetos/reroutingStudies/Luxembourg/DUERoutes/local.actuated.0.rou.xml,/home/joao/Projetos/reroutingStudies/Luxembourg/DUERoutes/local.actuated.1.rou.xml,/home/joao/Projetos/reroutingStudies/Luxembourg/DUERoutes/local.actuated.2.rou.xml,/home/joao/Projetos/reroutingStudies/Luxembourg/transit.rou.xml"/>
        <additional-files value="/home/joao/Projetos/reroutingStudies/Luxembourg/vtypes.add.xml,/home/joao/Projetos/reroutingStudies/Luxembourg/busstops.add.xml,/home/joao/Projetos/reroutingStudies/Luxembourg/e1detectors.add.xml,/home/joao/Projetos/reroutingStudies/Luxembourg/lust.poly.xml"/>
    </input>

    <output>
        <summary-output value="/home/joao/Projetos/reroutingStudies/Luxembourg/due.actuated.summary.xml"/>
        <tripinfo-output value="Outputs_EBkSP/Luxembourg/reroute_EBkSP_0.xml"/>
    </output>

    <time>
        <begin value="0"/>
        <step-length value="1"/>
    </time>

    <processing>
        <ignore-junction-blocker value="20"/>
        <time-to-teleport value="600"/>
        <max-depart-delay value="600"/>
    </processing>

    <routing>
        <routing-algorithm value="dijkstra"/>
    </routing>

    <report>
        <verbose value="true"/>
        <log value="/home/joao/Projetos/reroutingStudies/Luxembourg/due.actuated.log"/>
    </report>

    <emissions>
        <device.emissions.probability value="1"/>
    </emissions>

    <traci_server>
        <remote-port value="56949"/>
    </traci_server>

    <random_number>
        <seed value="0"/>
    </random_number>

</configuration>
-->

<detector xmlns:xsi="http://www.w3.org/2001/XMLSchema-instance" xsi:noNamespaceSchemaLocation="http://sumo.dlr.de/xsd/det_e1_file.xsd">
   <interval begin="0.00" end="1800.00" id="2857_link" nVehContrib="1" flow="2.00" occupancy="0.01" speed="21.52" length="5.00" nVehEntered="1"/>
   <interval begin="0.00" end="1800.00" id="2858_link" nVehContrib="2" flow="4.00" occupancy="0.03" speed="19.44" length="5.00" nVehEntered="2"/>
   <interval begin="0.00" end="1800.00" id="2859_link" nVehContrib="0" flow="0.00" occupancy="0.00" speed="-1.00" length="-1.00" nVehEntered="0"/>
   <interval begin="0.00" end="1800.00" id="2860_link" nVehContrib="1" flow="2.00" occupancy="0.02" speed="17.97" length="5.00" nVehEntered="1"/>
   <interval begin="0.00" end="1800.00" id="2861_link" nVehContrib="1" flow="2.00" occupancy="0.03" speed="14.84" length="7.00" nVehEntered="1"/>
   <interval begin="0.00" end="1800.00" id="2862_link" nVehContrib="0" flow="0.00" occupancy="0.00" speed="-1.00" length="-1.00" nVehEntered="0"/>
   <interval begin="0.00" end="1800.00" id="2863_link" nVehContrib="3" flow="6.00" occupancy="0.04" speed="19.01" length="4.83" nVehEntered="3"/>
   <interval begin="0.00" end="1800.00" id="2868_link" nVehContrib="0" flow="0.00" occupancy="0.00" speed="-1.00" length="-1.00" nVehEntered="0"/>
   <interval begin="0.00" end="1800.00" id="2869_link" nVehContrib="44" flow="88.00" occupancy="0.69" speed="17.81" length="4.97" nVehEntered="44"/>
   <interval begin="0.00" end="1800.00" id="2870_link" nVehContrib="0" flow="0.00" occupancy="0.00" speed="-1.00" length="-1.00" nVehEntered="0"/>
   <interval begin="0.00" end="1800.00" id="2875_link" nVehContrib="34" flow="68.00" occupancy="0.53" speed="17.92" length="4.97" nVehEntered="34"/>
   <interval begin="0.00" end="1800.00" id="2884_link" nVehContrib="1" flow="2.00" occupancy="0.01" speed="19.26" length="4.50" nVehEntered="1"/>
   <interval begin="0.00" end="1800.00" id="2885_link" nVehContrib="0" flow="0.00" occupancy="0.00" speed="-1.00" length="-1.00" nVehEntered="0"/>
   <interval begin="0.00" end="1800.00" id="2886_link" nVehContrib="0" flow="0.00" occupancy="0.00" speed="-1.00" length="-1.00" nVehEntered="0"/>
   <interval begin="0.00" end="1800.00" id="2899_link" nVehContrib="0" flow="0.00" occupancy="0.00" speed="-1.00" length="-1.00" nVehEntered="0"/>
   <interval begin="0.00" end="1800.00" id="2928_link" nVehContrib="0" flow="0.00" occupancy="0.00" speed="-1.00" length="-1.00" nVehEntered="0"/>
   <interval begin="0.00" end="1800.00" id="2929_link" nVehContrib="0" flow="0.00" occupancy="0.00" speed="-1.00" length="-1.00" nVehEntered="0"/>
   <interval begin="0.00" end="1800.00" id="2930_link" nVehContrib="1" flow="2.00" occupancy="0.01" speed="20.25" length="4.50" nVehEntered="1"/>
   <interval begin="0.00" end="1800.00" id="2931_link" nVehContrib="0" flow="0.00" occupancy="0.00" speed="-1.00" length="-1.00" nVehEntered="0"/>
   <interval begin="0.00" end="1800.00" id="2932_link" nVehContrib="0" flow="0.00" occupancy="0.00" speed="-1.00" length="-1.00" nVehEntered="0"/>
   <interval begin="0.00" end="1800.00" id="2933_link" nVehContrib="0" flow="0.00" occupancy="0.00" speed="-1.00" length="-1.00" nVehEntered="0"/>
   <interval begin="0.00" end="1800.00" id="2934_link" nVehContrib="8" flow="16.00" occupancy="0.12" speed="18.13" length="4.94" nVehEntered="8"/>
   <interval begin="0.00" end="1800.00" id="2939_link" nVehContrib="7" flow="14.00" occupancy="0.10" speed="18.69" length="4.79" nVehEntered="7"/>
   <interval begin="0.00" end="1800.00" id="2940_link" nVehContrib="6" flow="12.00" occupancy="0.09" speed="18.31" length="4.83" nVehEntered="6"/>
   <interval begin="0.00" end="1800.00" id="2945_link" nVehContrib="1" flow="2.00" occupancy="0.01" speed="19.33" length="4.50" nVehEntered="1"/>
   <interval begin="0.00" end="1800.00" id="2946_link" nVehContrib="0" flow="0.00" occupancy="0.00" speed="-1.00" length="-1.00" nVehEntered="0"/>
   <interval begin="0.00" end="1800.00" id="2951_link" nVehContrib="1" flow="2.00" occupancy="0.02" speed="17.91" length="7.00" nVehEntered="1"/>
   <interval begin="0.00" end="1800.00" id="2960_link" nVehContrib="15" flow="30.00" occupancy="0.22" speed="18.17" length="4.80" nVehEntered="15"/>
   <interval begin="0.00" end="1800.00" id="2961_link" nVehContrib="0" flow="0.00" occupancy="0.00" speed="-1.00" length="-1.00" nVehEntered="0"/>
   <interval begin="0.00" end="1800.00" id="2962_link" nVehContrib="1" flow="2.00" occupancy="0.01" speed="20.53" length="4.50" nVehEntered="1"/>
   <interval begin="0.00" end="1800.00" id="2967_link" nVehContrib="3" flow="6.00" occupancy="0.04" speed="18.37" length="4.83" nVehEntered="3"/>
   <interval begin="0.00" end="1800.00" id="2968_link" nVehContrib="3" flow="6.00" occupancy="0.04" speed="18.50" length="4.83" nVehEntered="3"/>
   <interval begin="0.00" end="1800.00" id="2969_link" nVehContrib="0" flow="0.00" occupancy="0.00" speed="-1.00" length="-1.00" nVehEntered="0"/>
   <interval begin="0.00" end="1800.00" id="2974_link" nVehContrib="0" flow="0.00" occupancy="0.00" speed="-1.00" length="-1.00" nVehEntered="0"/>
   <interval begin="0.00" end="1800.00" id="2975_link" nVehContrib="0" flow="0.00" occupancy="0.00" speed="-1.00" length="-1.00" nVehEntered="0"/>
   <interval begin="0.00" end="1800.00" id="2984_link" nVehContrib="2" flow="4.00" occupancy="0.03" speed="18.51" length="5.00" nVehEntered="2"/>
   <interval begin="0.00" end="1800.00" id="2985_link" nVehContrib="0" flow="0.00" occupancy="0.00" speed="-1.00" length="-1.00" nVehEntered="0"/>
   <interval begin="0.00" end="1800.00" id="2990_link" nVehContrib="5" flow="10.00" occupancy="0.07" speed="19.13" length="4.70" nVehEntered="5"/>
   <interval begin="0.00" end="1800.00" id="2995_link" nVehContrib="0" flow="0.00" occupancy="0.00" speed="-1.00" length="-1.00" nVehEntered="0"/>
   <interval begin="0.00" end="1800.00" id="3004_link" nVehContrib="15" flow="30.00" occupancy="0.22" speed="18.26" length="4.80" nVehEntered="15"/>
   <interval begin="0.00" end="1800.00" id="3013_link" nVehContrib="0" flow="0.00" occupancy="0.00" speed="-1.00" length="-1.00" nVehEntered="0"/>
   <interval begin="0.00" end="1800.00" id="3014_link" nVehContrib="1" flow="2.00" occupancy="0.01" speed="20.16" length="4.50" nVehEntered="1"/>
   <interval begin="0.00" end="1800.00" id="3015_link" nVehContrib="40" flow="80.00" occupancy="0.63" speed="17.87" length="4.97" nVehEntered="40"/>
   <interval begin="0.00" end="1800.00" id="3020_link" nVehContrib="0" flow="0.00" occupancy="0.00" speed="-1.00" length="-1.00" nVehEntered="0"/>
   <interval begin="0.00" end="1800.00" id="3025_link" nVehContrib="1" flow="2.00" occupancy="0.01" speed="19.11" length="5.00" nVehEntered="1"/>
   <interval begin="0.00" end="1800.00" id="3026_link" nVehContrib="8" flow="16.00" occupancy="0.13" speed="16.95" length="4.81" nVehEntered="8"/>
   <interval begin="0.00" end="1800.00" id="3039_link" nVehContrib="1" flow="2.00" occupancy="0.01" speed="19.97" length="4.50" nVehEntered="1"/>
   <interval begin="0.00" end="1800.00" id="3040_link" nVehContrib="2" flow="4.00" occupancy="0.03" speed="18.28" length="5.00" nVehEntered="2"/>
   <interval begin="0.00" end="1800.00" id="3041_link" nVehContrib="2" flow="4.00" occupancy="0.03" speed="18.29" length="5.00" nVehEntered="2"/>
   <interval begin="0.00" end="1800.00" id="3042_link" nVehContrib="5" flow="10.00" occupancy="0.09" speed="16.38" length="4.90" nVehEntered="5"/>
   <interval begin="0.00" end="1800.00" id="3047_link" nVehContrib="0" flow="0.00" occupancy="0.00" speed="-1.00" length="-1.00" nVehEntered="0"/>
   <interval begin="0.00" end="1800.00" id="3052_link" nVehContrib="0" flow="0.00" occupancy="0.00" speed="-1.00" length="-1.00" nVehEntered="0"/>
   <interval begin="0.00" end="1800.00" id="3065_link" nVehContrib="16" flow="32.00" occupancy="0.23" speed="19.50" length="5.06" nVehEntered="16"/>
   <interval begin="0.00" end="1800.00" id="3066_link" nVehContrib="0" flow="0.00" occupancy="0.00" speed="-1.00" length="-1.00" nVehEntered="0"/>
   <interval begin="0.00" end="1800.00" id="3071_link" nVehContrib="2" flow="4.00" occupancy="0.03" speed="18.09" length="5.00" nVehEntered="2"/>
   <interval begin="0.00" end="1800.00" id="3080_link" nVehContrib="0" flow="0.00" occupancy="0.00" speed="-1.00" length="-1.00" nVehEntered="0"/>
   <interval begin="0.00" end="1800.00" id="3085_link" nVehContrib="59" flow="118.00" occupancy="0.91" speed="17.93" length="4.92" nVehEntered="59"/>
   <interval begin="0.00" end="1800.00" id="3086_link" nVehContrib="0" flow="0.00" occupancy="0.00" speed="-1.00" length="-1.00" nVehEntered="0"/>
   <interval begin="0.00" end="1800.00" id="3095_link" nVehContrib="34" flow="68.00" occupancy="0.56" speed="17.27" length="5.03" nVehEntered="34"/>
   <interval begin="0.00" end="1800.00" id="3108_link" nVehContrib="1" flow="2.00" occupancy="0.01" speed="19.25" length="4.50" nVehEntered="1"/>
   <interval begin="0.00" end="1800.00" id="3109_link" nVehContrib="1" flow="2.00" occupancy="0.02" speed="18.26" length="5.00" nVehEntered="1"/>
   <interval begin="0.00" end="1800.00" id="3110_link" nVehContrib="0" flow="0.00" occupancy="0.00" speed="-1.00" length="-1.00" nVehEntered="0"/>
   <interval begin="0.00" end="1800.00" id="3111_link" nVehContrib="0" flow="0.00" occupancy="0.00" speed="-1.00" length="-1.00" nVehEntered="0"/>
   <interval begin="0.00" end="1800.00" id="3112_link" nVehContrib="5" flow="10.00" occupancy="0.07" speed="18.21" length="4.80" nVehEntered="5"/>
   <interval begin="0.00" end="1800.00" id="3113_link" nVehContrib="5" flow="10.00" occupancy="0.07" speed="18.36" length="4.80" nVehEntered="5"/>
   <interval begin="0.00" end="1800.00" id="3118_link" nVehContrib="35" flow="70.00" occupancy="0.57" speed="17.23" length="4.97" nVehEntered="35"/>
   <interval begin="0.00" end="1800.00" id="3119_link" nVehContrib="4" flow="8.00" occupancy="0.06" speed="18.50" length="4.88" nVehEntered="4"/>
   <interval begin="0.00" end="1800.00" id="3120_link" nVehContrib="2" flow="4.00" occupancy="0.03" speed="18.98" length="4.75" nVehEntered="2"/>
   <interval begin="0.00" end="1800.00" id="3125_link" nVehContrib="18" flow="36.00" occupancy="0.28" speed="18.42" length="5.08" nVehEntered="18"/>
   <interval begin="0.00" end="1800.00" id="3126_link" nVehContrib="53" flow="106.00" occupancy="0.84" speed="17.99" length="5.04" nVehEntered="53"/>
   <interval begin="0.00" end="1800.00" id="3127_link" nVehContrib="17" flow="34.00" occupancy="0.26" speed="18.55" length="5.09" nVehEntered="17"/>
   <interval begin="0.00" end="1800.00" id="3128_link" nVehContrib="1" flow="2.00" occupancy="0.01" speed="18.64" length="4.50" nVehEntered="1"/>
   <interval begin="0.00" end="1800.00" id="3129_link" nVehContrib="3" flow="6.00" occupancy="0.05" speed="17.91" length="5.00" nVehEntered="3"/>
   <interval begin="0.00" end="1800.00" id="3130_link" nVehContrib="0" flow="0.00" occupancy="0.00" speed="-1.00" length="-1.00" nVehEntered="0"/>
   <interval begin="0.00" end="1800.00" id="3131_link" nVehContrib="1" flow="2.00" occupancy="0.02" speed="16.78" length="5.00" nVehEntered="1"/>
   <interval begin="0.00" end="1800.00" id="3136_link" nVehContrib="0" flow="0.00" occupancy="0.00" speed="-1.00" length="-1.00" nVehEntered="0"/>
   <interval begin="0.00" end="1800.00" id="3141_link" nVehContrib="0" flow="0.00" occupancy="0.00" speed="-1.00" length="-1.00" nVehEntered="0"/>
   <interval begin="0.00" end="1800.00" id="3142_link" nVehContrib="0" flow="0.00" occupancy="0.00" speed="-1.00" length="-1.00" nVehEntered="0"/>
   <interval begin="0.00" end="1800.00" id="3143_link" nVehContrib="12" flow="24.00" occupancy="0.19" speed="18.36" length="5.12" nVehEntered="12"/>
   <interval begin="0.00" end="1800.00" id="3144_link" nVehContrib="1" flow="2.00" occupancy="0.01" speed="21.40" length="4.50" nVehEntered="1"/>
   <interval begin="0.00" end="1800.00" id="3145_link" nVehContrib="44" flow="88.00" occupancy="0.68" speed="17.82" length="4.94" nVehEntered="44"/>
   <interval begin="1800.00" end="3600.00" id="2857_link" nVehContrib="1" flow="2.00" occupancy="0.02" speed="18.66" length="7.00" nVehEntered="1"/>
   <interval begin="1800.00" end="3600.00" id="2858_link" nVehContrib="1" flow="2.00" occupancy="0.01" speed="18.13" length="4.50" nVehEntered="1"/>
   <interval begin="1800.00" end="3600.00" id="2859_link" nVehContrib="1" flow="2.00" occupancy="0.01" speed="21.66" length="4.50" nVehEntered="1"/>
   <interval begin="1800.00" end="3600.00" id="2860_link" nVehContrib="0" flow="0.00" occupancy="0.00" speed="-1.00" length="-1.00" nVehEntered="0"/>
   <interval begin="1800.00" end="3600.00" id="2861_link" nVehContrib="0" flow="0.00" occupancy="0.00" speed="-1.00" length="-1.00" nVehEntered="0"/>
   <interval begin="1800.00" end="3600.00" id="2862_link" nVehContrib="1" flow="2.00" occupancy="0.01" speed="18.15" length="4.50" nVehEntered="1"/>
   <interval begin="1800.00" end="3600.00" id="2863_link" nVehContrib="2" flow="4.00" occupancy="0.03" speed="16.89" length="4.50" nVehEntered="2"/>
   <interval begin="1800.00" end="3600.00" id="2868_link" nVehContrib="1" flow="2.00" occupancy="0.01" speed="18.77" length="4.50" nVehEntered="1"/>
   <interval begin="1800.00" end="3600.00" id="2869_link" nVehContrib="49" flow="98.00" occupancy="0.79" speed="17.90" length="5.12" nVehEntered="49"/>
   <interval begin="1800.00" end="3600.00" id="2870_link" nVehContrib="0" flow="0.00" occupancy="0.00" speed="-1.00" length="-1.00" nVehEntered="0"/>
   <interval begin="1800.00" end="3600.00" id="2875_link" nVehContrib="50" flow="100.00" occupancy="0.78" speed="18.25" length="5.11" nVehEntered="50"/>
   <interval begin="1800.00" end="3600.00" id="2884_link" nVehContrib="4" flow="8.00" occupancy="0.06" speed="18.58" length="5.12" nVehEntered="4"/>
   <interval begin="1800.00" end="3600.00" id="2885_link" nVehContrib="0" flow="0.00" occupancy="0.00" speed="-1.00" length="-1.00" nVehEntered="0"/>
   <interval begin="1800.00" end="3600.00" id="2886_link" nVehContrib="0" flow="0.00" occupancy="0.00" speed="-1.00" length="-1.00" nVehEntered="0"/>
   <interval begin="1800.00" end="3600.00" id="2899_link" nVehContrib="0" flow="0.00" occupancy="0.00" speed="-1.00" length="-1.00" nVehEntered="0"/>
   <interval begin="1800.00" end="3600.00" id="2928_link" nVehContrib="0" flow="0.00" occupancy="0.00" speed="-1.00" length="-1.00" nVehEntered="0"/>
   <interval begin="1800.00" end="3600.00" id="2929_link" nVehContrib="0" flow="0.00" occupancy="0.00" speed="-1.00" length="-1.00" nVehEntered="0"/>
   <interval begin="1800.00" end="3600.00" id="2930_link" nVehContrib="1" flow="2.00" occupancy="0.01" speed="20.49" length="5.00" nVehEntered="1"/>
   <interval begin="1800.00" end="3600.00" id="2931_link" nVehContrib="0" flow="0.00" occupancy="0.00" speed="-1.00" length="-1.00" nVehEntered="0"/>
   <interval begin="1800.00" end="3600.00" id="2932_link" nVehContrib="2" flow="4.00" occupancy="0.04" speed="15.86" length="5.50" nVehEntered="2"/>
   <interval begin="1800.00" end="3600.00" id="2933_link" nVehContrib="1" flow="2.00" occupancy="0.02" speed="21.46" length="6.00" nVehEntered="1"/>
   <interval begin="1800.00" end="3600.00" id="2934_link" nVehContrib="6" flow="12.00" occupancy="0.08" speed="18.58" length="4.67" nVehEntered="6"/>
   <interval begin="1800.00" end="3600.00" id="2939_link" nVehContrib="7" flow="14.00" occupancy="0.10" speed="18.81" length="4.93" nVehEntered="7"/>
   <interval begin="1800.00" end="3600.00" id="2940_link" nVehContrib="8" flow="16.00" occupancy="0.11" speed="19.18" length="4.88" nVehEntered="8"/>
   <interval begin="1800.00" end="3600.00" id="2945_link" nVehContrib="1" flow="2.00" occupancy="0.02" speed="17.92" length="5.50" nVehEntered="1"/>
   <interval begin="1800.00" end="3600.00" id="2946_link" nVehContrib="0" flow="0.00" occupancy="0.00" speed="-1.00" length="-1.00" nVehEntered="0"/>
   <interval begin="1800.00" end="3600.00" id="2951_link" nVehContrib="0" flow="0.00" occupancy="0.00" speed="-1.00" length="-1.00" nVehEntered="0"/>
   <interval begin="1800.00" end="3600.00" id="2960_link" nVehContrib="20" flow="40.00" occupancy="0.33" speed="17.62" length="5.15" nVehEntered="20"/>
   <interval begin="1800.00" end="3600.00" id="2961_link" nVehContrib="1" flow="2.00" occupancy="0.02" speed="16.64" length="5.50" nVehEntered="1"/>
   <interval begin="1800.00" end="3600.00" id="2962_link" nVehContrib="3" flow="6.00" occupancy="0.05" speed="18.08" length="4.83" nVehEntered="3"/>
   <interval begin="1800.00" end="3600.00" id="2967_link" nVehContrib="0" flow="0.00" occupancy="0.00" speed="-1.00" length="-1.00" nVehEntered="0"/>
   <interval begin="1800.00" end="3600.00" id="2968_link" nVehContrib="0" flow="0.00" occupancy="0.00" speed="-1.00" length="-1.00" nVehEntered="0"/>
   <interval begin="1800.00" end="3600.00" id="2969_link" nVehContrib="2" flow="4.00" occupancy="0.03" speed="16.22" length="5.00" nVehEntered="2"/>
   <interval begin="1800.00" end="3600.00" id="2974_link" nVehContrib="0" flow="0.00" occupancy="0.00" speed="-1.00" length="-1.00" nVehEntered="0"/>
   <interval begin="1800.00" end="3600.00" id="2975_link" nVehContrib="0" flow="0.00" occupancy="0.00" speed="-1.00" length="-1.00" nVehEntered="0"/>
   <interval begin="1800.00" end="3600.00" id="2984_link" nVehContrib="1" flow="2.00" occupancy="0.02" speed="15.23" length="5.00" nVehEntered="1"/>
   <interval begin="1800.00" end="3600.00" id="2985_link" nVehContrib="1" flow="2.00" occupancy="0.02" speed="17.75" length="5.50" nVehEntered="1"/>
   <interval begin="1800.00" end="3600.00" id="2990_link" nVehContrib="5" flow="10.00" occupancy="0.08" speed="18.26" length="5.10" nVehEntered="5"/>
   <interval begin="1800.00" end="3600.00" id="2995_link" nVehContrib="1" flow="2.00" occupancy="0.01" speed="20.12" length="4.50" nVehEntered="1"/>
   <interval begin="1800.00" end="3600.00" id="3004_link" nVehContrib="20" flow="40.00" occupancy="0.32" speed="17.93" length="5.10" nVehEntered="20"/>
   <interval begin="1800.00" end="3600.00" id="3013_link" nVehContrib="0" flow="0.00" occupancy="0.00" speed="-1.00" length="-1.00" nVehEntered="0"/>
   <interval begin="1800.00" end="3600.00" id="3014_link" nVehContrib="1" flow="2.00" occupancy="0.02" speed="18.62" length="7.00" nVehEntered="1"/>
   <interval begin="1800.00" end="3600.00" id="3015_link" nVehContrib="44" flow="88.00" occupancy="0.65" speed="18.39" length="4.84" nVehEntered="44"/>
   <interval begin="1800.00" end="3600.00" id="3020_link" nVehContrib="0" flow="0.00" occupancy="0.00" speed="-1.00" length="-1.00" nVehEntered="0"/>
   <interval begin="1800.00" end="3600.00" id="3025_link" nVehContrib="0" flow="0.00" occupancy="0.00" speed="-1.00" length="-1.00" nVehEntered="0"/>
   <interval begin="1800.00" end="3600.00" id="3026_link" nVehContrib="8" flow="16.00" occupancy="0.13" speed="16.75" length="4.94" nVehEntered="8"/>
   <interval begin="1800.00" end="3600.00" id="3039_link" nVehContrib="5" flow="10.00" occupancy="0.08" speed="19.08" length="5.30" nVehEntered="5"/>
   <interval begin="1800.00" end="3600.00" id="3040_link" nVehContrib="2" flow="4.00" occupancy="0.02" speed="21.70" length="4.75" nVehEntered="2"/>
   <interval begin="1800.00" end="3600.00" id="3041_link" nVehContrib="4" flow="8.00" occupancy="0.06" speed="20.11" length="5.12" nVehEntered="4"/>
   <interval begin="1800.00" end="3600.00" id="3042_link" nVehContrib="6" flow="12.00" occupancy="0.11" speed="14.49" length="4.92" nVehEntered="6"/>
   <interval begin="1800.00" end="3600.00" id="3047_link" nVehContrib="0" flow="0.00" occupancy="0.00" speed="-1.00" length="-1.00" nVehEntered="0"/>
   <interval begin="1800.00" end="3600.00" id="3052_link" nVehContrib="0" flow="0.00" occupancy="0.00" speed="-1.00" length="-1.00" nVehEntered="0"/>
   <interval begin="1800.00" end="3600.00" id="3065_link" nVehContrib="21" flow="42.00" occupancy="0.33" speed="18.52" length="5.17" nVehEntered="21"/>
   <interval begin="1800.00" end="3600.00" id="3066_link" nVehContrib="0" flow="0.00" occupancy="0.00" speed="-1.00" length="-1.00" nVehEntered="0"/>
   <interval begin="1800.00" end="3600.00" id="3071_link" nVehContrib="2" flow="4.00" occupancy="0.02" speed="21.59" length="4.75" nVehEntered="2"/>
   <interval begin="1800.00" end="3600.00" id="3080_link" nVehContrib="2" flow="4.00" occupancy="0.03" speed="18.48" length="5.00" nVehEntered="2"/>
   <interval begin="1800.00" end="3600.00" id="3085_link" nVehContrib="69" flow="138.00" occupancy="1.11" speed="17.92" length="5.12" nVehEntered="69"/>
   <interval begin="1800.00" end="3600.00" id="3086_link" nVehContrib="0" flow="0.00" occupancy="0.00" speed="-1.00" length="-1.00" nVehEntered="0"/>
   <interval begin="1800.00" end="3600.00" id="3095_link" nVehContrib="45" flow="90.00" occupancy="0.68" speed="18.89" length="5.06" nVehEntered="45"/>
   <interval begin="1800.00" end="3600.00" id="3108_link" nVehContrib="5" flow="10.00" occupancy="0.08" speed="19.05" length="5.30" nVehEntered="5"/>
   <interval begin="1800.00" end="3600.00" id="3109_link" nVehContrib="1" flow="2.00" occupancy="0.02" speed="15.69" length="5.00" nVehEntered="1"/>
   <interval begin="1800.00" end="3600.00" id="3110_link" nVehContrib="1" flow="2.00" occupancy="0.01" speed="17.38" length="4.50" nVehEntered="1"/>
   <interval begin="1800.00" end="3600.00" id="3111_link" nVehContrib="0" flow="0.00" occupancy="0.00" speed="-1.00" length="-1.00" nVehEntered="0"/>
   <interval begin="1800.00" end="3600.00" id="3112_link" nVehContrib="3" flow="6.00" occupancy="0.04" speed="19.22" length="4.83" nVehEntered="3"/>
   <interval begin="1800.00" end="3600.00" id="3113_link" nVehContrib="3" flow="6.00" occupancy="0.04" speed="19.17" length="4.83" nVehEntered="3"/>
   <interval begin="1800.00" end="3600.00" id="3118_link" nVehContrib="52" flow="104.00" occupancy="0.77" speed="18.97" length="5.03" nVehEntered="52"/>
   <interval begin="1800.00" end="3600.00" id="3119_link" nVehContrib="6" flow="12.00" occupancy="0.08" speed="19.44" length="4.92" nVehEntered="6"/>
   <interval begin="1800.00" end="3600.00" id="3120_link" nVehContrib="1" flow="2.00" occupancy="0.02" speed="19.00" length="5.50" nVehEntered="1"/>
   <interval begin="1800.00" end="3600.00" id="3125_link" nVehContrib="23" flow="46.00" occupancy="0.34" speed="18.40" length="4.80" nVehEntered="23"/>
   <interval begin="1800.00" end="3600.00" id="3126_link" nVehContrib="67" flow="134.00" occupancy="0.99" speed="18.90" length="4.98" nVehEntered="67"/>
   <interval begin="1800.00" end="3600.00" id="3127_link" nVehContrib="22" flow="44.00" occupancy="0.32" speed="18.40" length="4.80" nVehEntered="22"/>
   <interval begin="1800.00" end="3600.00" id="3128_link" nVehContrib="0" flow="0.00" occupancy="0.00" speed="-1.00" length="-1.00" nVehEntered="0"/>
   <interval begin="1800.00" end="3600.00" id="3129_link" nVehContrib="1" flow="2.00" occupancy="0.02" speed="15.05" length="5.00" nVehEntered="1"/>
   <interval begin="1800.00" end="3600.00" id="3130_link" nVehContrib="0" flow="0.00" occupancy="0.00" speed="-1.00" length="-1.00" nVehEntered="0"/>
   <interval begin="1800.00" end="3600.00" id="3131_link" nVehContrib="6" flow="12.00" occupancy="0.09" speed="18.39" length="4.83" nVehEntered="6"/>
   <interval begin="1800.00" end="3600.00" id="3136_link" nVehContrib="3" flow="6.00" occupancy="0.05" speed="18.17" length="5.50" nVehEntered="3"/>
   <interval begin="1800.00" end="3600.00" id="3141_link" nVehContrib="0" flow="0.00" occupancy="0.00" speed="-1.00" length="-1.00" nVehEntered="0"/>
   <interval begin="1800.00" end="3600.00" id="3142_link" nVehContrib="0" flow="0.00" occupancy="0.00" speed="-1.00" length="-1.00" nVehEntered="0"/>
   <interval begin="1800.00" end="3600.00" id="3143_link" nVehContrib="19" flow="38.00" occupancy="0.29" speed="18.67" length="5.05" nVehEntered="19"/>
   <interval begin="1800.00" end="3600.00" id="3144_link" nVehContrib="1" flow="2.00" occupancy="0.01" speed="20.89" length="4.50" nVehEntered="1"/>
   <interval begin="1800.00" end="3600.00" id="3145_link" nVehContrib="50" flow="100.00" occupancy="0.80" speed="17.88" length="5.10" nVehEntered="50"/>
   <interval begin="3600.00" end="5400.00" id="2857_link" nVehContrib="2" flow="4.00" occupancy="0.03" speed="19.57" length="4.50" nVehEntered="2"/>
   <interval begin="3600.00" end="5400.00" id="2858_link" nVehContrib="1" flow="2.00" occupancy="0.01" speed="18.52" length="5.00" nVehEntered="1"/>
   <interval begin="3600.00" end="5400.00" id="2859_link" nVehContrib="3" flow="6.00" occupancy="0.04" speed="17.80" length="4.67" nVehEntered="3"/>
   <interval begin="3600.00" end="5400.00" id="2860_link" nVehContrib="1" flow="2.00" occupancy="0.02" speed="17.90" length="6.00" nVehEntered="1"/>
   <interval begin="3600.00" end="5400.00" id="2861_link" nVehContrib="2" flow="4.00" occupancy="0.03" speed="17.05" length="5.00" nVehEntered="2"/>
   <interval begin="3600.00" end="5400.00" id="2862_link" nVehContrib="0" flow="0.00" occupancy="0.00" speed="-1.00" length="-1.00" nVehEntered="0"/>
   <interval begin="3600.00" end="5400.00" id="2863_link" nVehContrib="4" flow="8.00" occupancy="0.06" speed="18.01" length="4.88" nVehEntered="4"/>
   <interval begin="3600.00" end="5400.00" id="2868_link" nVehContrib="0" flow="0.00" occupancy="0.00" speed="-1.00" length="-1.00" nVehEntered="0"/>
   <interval begin="3600.00" end="5400.00" id="2869_link" nVehContrib="74" flow="148.00" occupancy="1.14" speed="18.04" length="4.94" nVehEntered="74"/>
   <interval begin="3600.00" end="5400.00" id="2870_link" nVehContrib="0" flow="0.00" occupancy="0.00" speed="-1.00" length="-1.00" nVehEntered="0"/>
   <interval begin="3600.00" end="5400.00" id="2875_link" nVehContrib="74" flow="148.00" occupancy="1.17" speed="17.93" length="5.06" nVehEntered="74"/>
   <interval begin="3600.00" end="5400.00" id="2884_link" nVehContrib="0" flow="0.00" occupancy="0.00" speed="-1.00" length="-1.00" nVehEntered="0"/>
   <interval begin="3600.00" end="5400.00" id="2885_link" nVehContrib="0" flow="0.00" occupancy="0.00" speed="-1.00" length="-1.00" nVehEntered="0"/>
   <interval begin="3600.00" end="5400.00" id="2886_link" nVehContrib="0" flow="0.00" occupancy="0.00" speed="-1.00" length="-1.00" nVehEntered="0"/>
   <interval begin="3600.00" end="5400.00" id="2899_link" nVehContrib="0" flow="0.00" occupancy="0.00" speed="-1.00" length="-1.00" nVehEntered="0"/>
   <interval begin="3600.00" end="5400.00" id="2928_link" nVehContrib="0" flow="0.00" occupancy="0.00" speed="-1.00" length="-1.00" nVehEntered="0"/>
   <interval begin="3600.00" end="5400.00" id="2929_link" nVehContrib="1" flow="2.00" occupancy="0.02" speed="15.36" length="5.00" nVehEntered="1"/>
   <interval begin="3600.00" end="5400.00" id="2930_link" nVehContrib="0" flow="0.00" occupancy="0.00" speed="-1.00" length="-1.00" nVehEntered="0"/>
   <interval begin="3600.00" end="5400.00" id="2931_link" nVehContrib="1" flow="2.00" occupancy="0.02" speed="18.46" length="5.00" nVehEntered="1"/>
   <interval begin="3600.00" end="5400.00" id="2932_link" nVehContrib="1" flow="2.00" occupancy="0.01" speed="19.97" length="4.50" nVehEntered="1"/>
   <interval begin="3600.00" end="5400.00" id="2933_link" nVehContrib="1" flow="2.00" occupancy="0.01" speed="19.00" length="4.50" nVehEntered="1"/>
   <interval begin="3600.00" end="5400.00" id="2934_link" nVehContrib="16" flow="32.00" occupancy="0.23" speed="18.99" length="4.94" nVehEntered="16"/>
   <interval begin="3600.00" end="5400.00" id="2939_link" nVehContrib="16" flow="32.00" occupancy="0.23" speed="19.19" length="4.91" nVehEntered="16"/>
   <interval begin="3600.00" end="5400.00" id="2940_link" nVehContrib="16" flow="32.00" occupancy="0.23" speed="19.20" length="4.91" nVehEntered="16"/>
   <interval begin="3600.00" end="5400.00" id="2945_link" nVehContrib="4" flow="8.00" occupancy="0.06" speed="19.05" length="5.00" nVehEntered="4"/>
   <interval begin="3600.00" end="5400.00" id="2946_link" nVehContrib="1" flow="2.00" occupancy="0.01" speed="20.06" length="4.50" nVehEntered="1"/>
   <interval begin="3600.00" end="5400.00" id="2951_link" nVehContrib="2" flow="4.00" occupancy="0.03" speed="20.26" length="5.00" nVehEntered="2"/>
   <interval begin="3600.00" end="5400.00" id="2960_link" nVehContrib="27" flow="54.00" occupancy="0.42" speed="18.49" length="5.00" nVehEntered="27"/>
   <interval begin="3600.00" end="5400.00" id="2961_link" nVehContrib="0" flow="0.00" occupancy="0.00" speed="-1.00" length="-1.00" nVehEntered="0"/>
   <interval begin="3600.00" end="5400.00" id="2962_link" nVehContrib="2" flow="4.00" occupancy="0.03" speed="17.65" length="4.75" nVehEntered="2"/>
   <interval begin="3600.00" end="5400.00" id="2967_link" nVehContrib="3" flow="6.00" occupancy="0.05" speed="19.34" length="5.67" nVehEntered="3"/>
   <interval begin="3600.00" end="5400.00" id="2968_link" nVehContrib="2" flow="4.00" occupancy="0.04" speed="19.05" length="6.00" nVehEntered="2"/>
   <interval begin="3600.00" end="5400.00" id="2969_link" nVehContrib="2" flow="4.00" occupancy="0.07" speed="10.54" length="5.25" nVehEntered="2"/>
   <interval begin="3600.00" end="5400.00" id="2974_link" nVehContrib="0" flow="0.00" occupancy="0.00" speed="-1.00" length="-1.00" nVehEntered="0"/>
   <interval begin="3600.00" end="5400.00" id="2975_link" nVehContrib="0" flow="0.00" occupancy="0.00" speed="-1.00" length="-1.00" nVehEntered="0"/>
   <interval begin="3600.00" end="5400.00" id="2984_link" nVehContrib="6" flow="12.00" occupancy="0.09" speed="19.28" length="4.92" nVehEntered="6"/>
   <interval begin="3600.00" end="5400.00" id="2985_link" nVehContrib="0" flow="0.00" occupancy="0.00" speed="-1.00" length="-1.00" nVehEntered="0"/>
   <interval begin="3600.00" end="5400.00" id="2990_link" nVehContrib="4" flow="8.00" occupancy="0.05" speed="19.56" length="4.75" nVehEntered="4"/>
   <interval begin="3600.00" end="5400.00" id="2995_link" nVehContrib="0" flow="0.00" occupancy="0.00" speed="-1.00" length="-1.00" nVehEntered="0"/>
   <interval begin="3600.00" end="5400.00" id="3004_link" nVehContrib="28" flow="56.00" occupancy="0.42" speed="18.58" length="5.00" nVehEntered="28"/>
   <interval begin="3600.00" end="5400.00" id="3013_link" nVehContrib="0" flow="0.00" occupancy="0.00" speed="-1.00" length="-1.00" nVehEntered="0"/>
   <interval begin="3600.00" end="5400.00" id="3014_link" nVehContrib="1" flow="2.00" occupancy="0.01" speed="21.71" length="4.50" nVehEntered="1"/>
   <interval begin="3600.00" end="5400.00" id="3015_link" nVehContrib="78" flow="156.00" occupancy="1.24" speed="17.78" length="5.03" nVehEntered="78"/>
   <interval begin="3600.00" end="5400.00" id="3020_link" nVehContrib="0" flow="0.00" occupancy="0.00" speed="-1.00" length="-1.00" nVehEntered="0"/>
   <interval begin="3600.00" end="5400.00" id="3025_link" nVehContrib="0" flow="0.00" occupancy="0.00" speed="-1.00" length="-1.00" nVehEntered="0"/>
   <interval begin="3600.00" end="5400.00" id="3026_link" nVehContrib="17" flow="34.00" occupancy="0.28" speed="16.89" length="4.97" nVehEntered="17"/>
   <interval begin="3600.00" end="5400.00" id="3039_link" nVehContrib="1" flow="2.00" occupancy="0.02" speed="16.22" length="5.00" nVehEntered="1"/>
   <interval begin="3600.00" end="5400.00" id="3040_link" nVehContrib="14" flow="28.00" occupancy="0.21" speed="18.72" length="4.89" nVehEntered="14"/>
   <interval begin="3600.00" end="5400.00" id="3041_link" nVehContrib="15" flow="30.00" occupancy="0.22" speed="18.28" length="4.87" nVehEntered="15"/>
   <interval begin="3600.00" end="5400.00" id="3042_link" nVehContrib="19" flow="38.00" occupancy="0.37" speed="14.24" length="4.87" nVehEntered="19"/>
   <interval begin="3600.00" end="5400.00" id="3047_link" nVehContrib="1" flow="2.00" occupancy="0.01" speed="21.41" length="4.50" nVehEntered="1"/>
   <interval begin="3600.00" end="5400.00" id="3052_link" nVehContrib="0" flow="0.00" occupancy="0.00" speed="-1.00" length="-1.00" nVehEntered="0"/>
   <interval begin="3600.00" end="5400.00" id="3065_link" nVehContrib="43" flow="86.00" occupancy="0.64" speed="19.01" length="5.03" nVehEntered="43"/>
   <interval begin="3600.00" end="5400.00" id="3066_link" nVehContrib="2" flow="4.00" occupancy="0.03" speed="20.31" length="4.75" nVehEntered="2"/>
   <interval begin="3600.00" end="5400.00" id="3071_link" nVehContrib="16" flow="32.00" occupancy="0.23" speed="18.77" length="4.88" nVehEntered="16"/>
   <interval begin="3600.00" end="5400.00" id="3080_link" nVehContrib="0" flow="0.00" occupancy="0.00" speed="-1.00" length="-1.00" nVehEntered="0"/>
   <interval begin="3600.00" end="5400.00" id="3085_link" nVehContrib="105" flow="210.00" occupancy="1.63" speed="17.93" length="4.96" nVehEntered="105"/>
   <interval begin="3600.00" end="5400.00" id="3086_link" nVehContrib="0" flow="0.00" occupancy="0.00" speed="-1.00" length="-1.00" nVehEntered="0"/>
   <interval begin="3600.00" end="5400.00" id="3095_link" nVehContrib="77" flow="154.00" occupancy="1.22" speed="17.71" length="5.00" nVehEntered="77"/>
   <interval begin="3600.00" end="5400.00" id="3108_link" nVehContrib="1" flow="2.00" occupancy="0.02" speed="15.90" length="5.00" nVehEntered="1"/>
   <interval begin="3600.00" end="5400.00" id="3109_link" nVehContrib="1" flow="2.00" occupancy="0.02" speed="16.80" length="6.00" nVehEntered="1"/>
   <interval begin="3600.00" end="5400.00" id="3110_link" nVehContrib="1" flow="2.00" occupancy="0.01" speed="20.23" length="4.50" nVehEntered="1"/>
   <interval begin="3600.00" end="5400.00" id="3111_link" nVehContrib="0" flow="0.00" occupancy="0.00" speed="-1.00" length="-1.00" nVehEntered="0"/>
   <interval begin="3600.00" end="5400.00" id="3112_link" nVehContrib="8" flow="16.00" occupancy="0.11" speed="19.31" length="4.88" nVehEntered="8"/>
   <interval begin="3600.00" end="5400.00" id="3113_link" nVehContrib="8" flow="16.00" occupancy="0.11" speed="20.01" length="4.88" nVehEntered="8"/>
   <interval begin="3600.00" end="5400.00" id="3118_link" nVehContrib="94" flow="188.00" occupancy="1.48" speed="17.98" length="5.02" nVehEntered="94"/>
   <interval begin="3600.00" end="5400.00" id="3119_link" nVehContrib="19" flow="38.00" occupancy="0.28" speed="18.56" length="4.87" nVehEntered="19"/>
   <interval begin="3600.00" end="5400.00" id="3120_link" nVehContrib="2" flow="4.00" occupancy="0.03" speed="19.63" length="5.25" nVehEntered="2"/>
   <interval begin="3600.00" end="5400.00" id="3125_link" nVehContrib="36" flow="72.00" occupancy="0.52" speed="18.79" length="4.88" nVehEntered="36"/>
   <interval begin="3600.00" end="5400.00" id="3126_link" nVehContrib="114" flow="228.00" occupancy="1.73" speed="18.28" length="4.93" nVehEntered="114"/>
   <interval begin="3600.00" end="5400.00" id="3127_link" nVehContrib="35" flow="70.00" occupancy="0.51" speed="18.68" length="4.84" nVehEntered="35"/>
   <interval begin="3600.00" end="5400.00" id="3128_link" nVehContrib="1" flow="2.00" occupancy="0.01" speed="20.85" length="5.00" nVehEntered="1"/>
   <interval begin="3600.00" end="5400.00" id="3129_link" nVehContrib="1" flow="2.00" occupancy="0.02" speed="15.99" length="5.00" nVehEntered="1"/>
   <interval begin="3600.00" end="5400.00" id="3130_link" nVehContrib="0" flow="0.00" occupancy="0.00" speed="-1.00" length="-1.00" nVehEntered="0"/>
   <interval begin="3600.00" end="5400.00" id="3131_link" nVehContrib="13" flow="26.00" occupancy="0.19" speed="18.68" length="4.92" nVehEntered="13"/>
   <interval begin="3600.00" end="5400.00" id="3136_link" nVehContrib="3" flow="6.00" occupancy="0.04" speed="19.97" length="5.00" nVehEntered="3"/>
   <interval begin="3600.00" end="5400.00" id="3141_link" nVehContrib="0" flow="0.00" occupancy="0.00" speed="-1.00" length="-1.00" nVehEntered="0"/>
   <interval begin="3600.00" end="5400.00" id="3142_link" nVehContrib="1" flow="2.00" occupancy="0.01" speed="20.94" length="4.50" nVehEntered="1"/>
   <interval begin="3600.00" end="5400.00" id="3143_link" nVehContrib="29" flow="58.00" occupancy="0.46" speed="17.64" length="4.98" nVehEntered="29"/>
   <interval begin="3600.00" end="5400.00" id="3144_link" nVehContrib="2" flow="4.00" occupancy="0.03" speed="16.97" length="4.75" nVehEntered="2"/>
   <interval begin="3600.00" end="5400.00" id="3145_link" nVehContrib="77" flow="154.00" occupancy="1.20" speed="17.88" length="4.95" nVehEntered="77"/>
   <interval begin="5400.00" end="7200.00" id="2857_link" nVehContrib="2" flow="4.00" occupancy="0.03" speed="20.09" length="4.75" nVehEntered="2"/>
   <interval begin="5400.00" end="7200.00" id="2858_link" nVehContrib="0" flow="0.00" occupancy="0.00" speed="-1.00" length="-1.00" nVehEntered="0"/>
   <interval begin="5400.00" end="7200.00" id="2859_link" nVehContrib="2" flow="4.00" occupancy="0.03" speed="16.89" length="4.75" nVehEntered="2"/>
   <interval begin="5400.00" end="7200.00" id="2860_link" nVehContrib="1" flow="2.00" occupancy="0.01" speed="17.42" length="4.50" nVehEntered="1"/>
   <interval begin="5400.00" end="7200.00" id="2861_link" nVehContrib="3" flow="6.00" occupancy="0.05" speed="17.65" length="4.83" nVehEntered="3"/>
   <interval begin="5400.00" end="7200.00" id="2862_link" nVehContrib="1" flow="2.00" occupancy="0.01" speed="16.96" length="4.50" nVehEntered="1"/>
   <interval begin="5400.00" end="7200.00" id="2863_link" nVehContrib="4" flow="8.00" occupancy="0.06" speed="18.78" length="5.00" nVehEntered="4"/>
   <interval begin="5400.00" end="7200.00" id="2868_link" nVehContrib="0" flow="0.00" occupancy="0.00" speed="-1.00" length="-1.00" nVehEntered="0"/>
   <interval begin="5400.00" end="7200.00" id="2869_link" nVehContrib="88" flow="176.00" occupancy="1.36" speed="18.30" length="5.05" nVehEntered="88"/>
   <interval begin="5400.00" end="7200.00" id="2870_link" nVehContrib="1" flow="2.00" occupancy="0.02" speed="18.50" length="5.00" nVehEntered="1"/>
   <interval begin="5400.00" end="7200.00" id="2875_link" nVehContrib="84" flow="168.00" occupancy="1.25" speed="18.83" length="4.99" nVehEntered="84"/>
   <interval begin="5400.00" end="7200.00" id="2884_link" nVehContrib="4" flow="8.00" occupancy="0.06" speed="17.72" length="4.88" nVehEntered="4"/>
   <interval begin="5400.00" end="7200.00" id="2885_link" nVehContrib="0" flow="0.00" occupancy="0.00" speed="-1.00" length="-1.00" nVehEntered="0"/>
   <interval begin="5400.00" end="7200.00" id="2886_link" nVehContrib="0" flow="0.00" occupancy="0.00" speed="-1.00" length="-1.00" nVehEntered="0"/>
   <interval begin="5400.00" end="7200.00" id="2899_link" nVehContrib="0" flow="0.00" occupancy="0.00" speed="-1.00" length="-1.00" nVehEntered="0"/>
   <interval begin="5400.00" end="7200.00" id="2928_link" nVehContrib="0" flow="0.00" occupancy="0.00" speed="-1.00" length="-1.00" nVehEntered="0"/>
   <interval begin="5400.00" end="7200.00" id="2929_link" nVehContrib="1" flow="2.00" occupancy="0.15" speed="1.71" length="4.50" nVehEntered="1"/>
   <interval begin="5400.00" end="7200.00" id="2930_link" nVehContrib="1" flow="2.00" occupancy="0.02" speed="15.79" length="5.00" nVehEntered="1"/>
   <interval begin="5400.00" end="7200.00" id="2931_link" nVehContrib="1" flow="2.00" occupancy="0.02" speed="11.44" length="5.00" nVehEntered="1"/>
   <interval begin="5400.00" end="7200.00" id="2932_link" nVehContrib="0" flow="0.00" occupancy="0.00" speed="-1.00" length="-1.00" nVehEntered="0"/>
   <interval begin="5400.00" end="7200.00" id="2933_link" nVehContrib="0" flow="0.00" occupancy="0.00" speed="-1.00" length="-1.00" nVehEntered="0"/>
   <interval begin="5400.00" end="7200.00" id="2934_link" nVehContrib="15" flow="30.00" occupancy="0.21" speed="18.96" length="4.83" nVehEntered="15"/>
   <interval begin="5400.00" end="7200.00" id="2939_link" nVehContrib="12" flow="24.00" occupancy="0.17" speed="19.56" length="4.83" nVehEntered="12"/>
   <interval begin="5400.00" end="7200.00" id="2940_link" nVehContrib="13" flow="26.00" occupancy="0.19" speed="19.04" length="4.88" nVehEntered="13"/>
   <interval begin="5400.00" end="7200.00" id="2945_link" nVehContrib="0" flow="0.00" occupancy="0.00" speed="-1.00" length="-1.00" nVehEntered="0"/>
   <interval begin="5400.00" end="7200.00" id="2946_link" nVehContrib="1" flow="2.00" occupancy="0.01" speed="19.41" length="4.50" nVehEntered="1"/>
   <interval begin="5400.00" end="7200.00" id="2951_link" nVehContrib="2" flow="4.00" occupancy="0.03" speed="17.00" length="4.75" nVehEntered="2"/>
   <interval begin="5400.00" end="7200.00" id="2960_link" nVehContrib="39" flow="78.00" occupancy="0.62" speed="17.97" length="5.08" nVehEntered="39"/>
   <interval begin="5400.00" end="7200.00" id="2961_link" nVehContrib="0" flow="0.00" occupancy="0.00" speed="-1.00" length="-1.00" nVehEntered="0"/>
   <interval begin="5400.00" end="7200.00" id="2962_link" nVehContrib="1" flow="2.00" occupancy="0.02" speed="17.79" length="5.00" nVehEntered="1"/>
   <interval begin="5400.00" end="7200.00" id="2967_link" nVehContrib="6" flow="12.00" occupancy="0.09" speed="18.84" length="5.00" nVehEntered="6"/>
   <interval begin="5400.00" end="7200.00" id="2968_link" nVehContrib="6" flow="12.00" occupancy="0.09" speed="18.88" length="5.00" nVehEntered="6"/>
   <interval begin="5400.00" end="7200.00" id="2969_link" nVehContrib="0" flow="0.00" occupancy="0.00" speed="-1.00" length="-1.00" nVehEntered="0"/>
   <interval begin="5400.00" end="7200.00" id="2974_link" nVehContrib="0" flow="0.00" occupancy="0.00" speed="-1.00" length="-1.00" nVehEntered="0"/>
   <interval begin="5400.00" end="7200.00" id="2975_link" nVehContrib="0" flow="0.00" occupancy="0.00" speed="-1.00" length="-1.00" nVehEntered="0"/>
   <interval begin="5400.00" end="7200.00" id="2984_link" nVehContrib="1" flow="2.00" occupancy="0.01" speed="17.43" length="4.50" nVehEntered="1"/>
   <interval begin="5400.00" end="7200.00" id="2985_link" nVehContrib="0" flow="0.00" occupancy="0.00" speed="-1.00" length="-1.00" nVehEntered="0"/>
   <interval begin="5400.00" end="7200.00" id="2990_link" nVehContrib="3" flow="6.00" occupancy="0.05" speed="18.54" length="5.00" nVehEntered="3"/>
   <interval begin="5400.00" end="7200.00" id="2995_link" nVehContrib="0" flow="0.00" occupancy="0.00" speed="-1.00" length="-1.00" nVehEntered="0"/>
   <interval begin="5400.00" end="7200.00" id="3004_link" nVehContrib="38" flow="76.00" occupancy="0.60" speed="18.15" length="5.08" nVehEntered="38"/>
   <interval begin="5400.00" end="7200.00" id="3013_link" nVehContrib="0" flow="0.00" occupancy="0.00" speed="-1.00" length="-1.00" nVehEntered="0"/>
   <interval begin="5400.00" end="7200.00" id="3014_link" nVehContrib="1" flow="2.00" occupancy="0.02" speed="14.96" length="4.50" nVehEntered="1"/>
   <interval begin="5400.00" end="7200.00" id="3015_link" nVehContrib="90" flow="180.00" occupancy="1.40" speed="18.37" length="5.09" nVehEntered="90"/>
   <interval begin="5400.00" end="7200.00" id="3020_link" nVehContrib="0" flow="0.00" occupancy="0.00" speed="-1.00" length="-1.00" nVehEntered="0"/>
   <interval begin="5400.00" end="7200.00" id="3025_link" nVehContrib="1" flow="2.00" occupancy="0.01" speed="17.10" length="4.50" nVehEntered="1"/>
   <interval begin="5400.00" end="7200.00" id="3026_link" nVehContrib="14" flow="28.00" occupancy="0.28" speed="15.87" length="4.86" nVehEntered="14"/>
   <interval begin="5400.00" end="7200.00" id="3039_link" nVehContrib="5" flow="10.00" occupancy="0.08" speed="17.63" length="4.90" nVehEntered="5"/>
   <interval begin="5400.00" end="7200.00" id="3040_link" nVehContrib="4" flow="8.00" occupancy="0.06" speed="19.39" length="4.88" nVehEntered="4"/>
   <interval begin="5400.00" end="7200.00" id="3041_link" nVehContrib="4" flow="8.00" occupancy="0.06" speed="18.24" length="4.88" nVehEntered="4"/>
   <interval begin="5400.00" end="7200.00" id="3042_link" nVehContrib="8" flow="16.00" occupancy="0.14" speed="16.50" length="4.94" nVehEntered="8"/>
   <interval begin="5400.00" end="7200.00" id="3047_link" nVehContrib="1" flow="2.00" occupancy="0.01" speed="17.77" length="4.50" nVehEntered="1"/>
   <interval begin="5400.00" end="7200.00" id="3052_link" nVehContrib="0" flow="0.00" occupancy="0.00" speed="-1.00" length="-1.00" nVehEntered="0"/>
   <interval begin="5400.00" end="7200.00" id="3065_link" nVehContrib="59" flow="118.00" occupancy="0.94" speed="17.95" length="5.08" nVehEntered="59"/>
   <interval begin="5400.00" end="7200.00" id="3066_link" nVehContrib="0" flow="0.00" occupancy="0.00" speed="-1.00" length="-1.00" nVehEntered="0"/>
   <interval begin="5400.00" end="7200.00" id="3071_link" nVehContrib="4" flow="8.00" occupancy="0.06" speed="19.54" length="4.88" nVehEntered="4"/>
   <interval begin="5400.00" end="7200.00" id="3080_link" nVehContrib="0" flow="0.00" occupancy="0.00" speed="-1.00" length="-1.00" nVehEntered="0"/>
   <interval begin="5400.00" end="7200.00" id="3085_link" nVehContrib="124" flow="248.00" occupancy="1.96" speed="18.01" length="5.06" nVehEntered="124"/>
   <interval begin="5400.00" end="7200.00" id="3086_link" nVehContrib="0" flow="0.00" occupancy="0.00" speed="-1.00" length="-1.00" nVehEntered="0"/>
   <interval begin="5400.00" end="7200.00" id="3095_link" nVehContrib="84" flow="168.00" occupancy="1.31" speed="17.82" length="4.95" nVehEntered="84"/>
   <interval begin="5400.00" end="7200.00" id="3108_link" nVehContrib="3" flow="6.00" occupancy="0.05" speed="17.85" length="5.00" nVehEntered="3"/>
   <interval begin="5400.00" end="7200.00" id="3109_link" nVehContrib="1" flow="2.00" occupancy="0.01" speed="17.01" length="4.50" nVehEntered="1"/>
   <interval begin="5400.00" end="7200.00" id="3110_link" nVehContrib="2" flow="4.00" occupancy="0.03" speed="17.29" length="4.50" nVehEntered="2"/>
   <interval begin="5400.00" end="7200.00" id="3111_link" nVehContrib="0" flow="0.00" occupancy="0.00" speed="-1.00" length="-1.00" nVehEntered="0"/>
   <interval begin="5400.00" end="7200.00" id="3112_link" nVehContrib="4" flow="8.00" occupancy="0.06" speed="18.26" length="4.75" nVehEntered="4"/>
   <interval begin="5400.00" end="7200.00" id="3113_link" nVehContrib="4" flow="8.00" occupancy="0.06" speed="18.69" length="4.75" nVehEntered="4"/>
   <interval begin="5400.00" end="7200.00" id="3118_link" nVehContrib="93" flow="186.00" occupancy="1.45" speed="17.85" length="4.94" nVehEntered="93"/>
   <interval begin="5400.00" end="7200.00" id="3119_link" nVehContrib="7" flow="14.00" occupancy="0.10" speed="19.69" length="5.00" nVehEntered="7"/>
   <interval begin="5400.00" end="7200.00" id="3120_link" nVehContrib="1" flow="2.00" occupancy="0.01" speed="19.18" length="5.00" nVehEntered="1"/>
   <interval begin="5400.00" end="7200.00" id="3125_link" nVehContrib="39" flow="78.00" occupancy="0.61" speed="18.32" length="5.06" nVehEntered="39"/>
   <interval begin="5400.00" end="7200.00" id="3126_link" nVehContrib="122" flow="244.00" occupancy="1.90" speed="18.16" length="5.02" nVehEntered="122"/>
   <interval begin="5400.00" end="7200.00" id="3127_link" nVehContrib="38" flow="76.00" occupancy="0.59" speed="18.32" length="5.08" nVehEntered="38"/>
   <interval begin="5400.00" end="7200.00" id="3128_link" nVehContrib="0" flow="0.00" occupancy="0.00" speed="-1.00" length="-1.00" nVehEntered="0"/>
   <interval begin="5400.00" end="7200.00" id="3129_link" nVehContrib="2" flow="4.00" occupancy="0.03" speed="16.80" length="4.50" nVehEntered="2"/>
   <interval begin="5400.00" end="7200.00" id="3130_link" nVehContrib="0" flow="0.00" occupancy="0.00" speed="-1.00" length="-1.00" nVehEntered="0"/>
   <interval begin="5400.00" end="7200.00" id="3131_link" nVehContrib="9" flow="18.00" occupancy="0.13" speed="19.39" length="4.89" nVehEntered="9"/>
   <interval begin="5400.00" end="7200.00" id="3136_link" nVehContrib="2" flow="4.00" occupancy="0.03" speed="16.74" length="4.75" nVehEntered="2"/>
   <interval begin="5400.00" end="7200.00" id="3141_link" nVehContrib="2" flow="4.00" occupancy="0.08" speed="11.57" length="4.75" nVehEntered="2"/>
   <interval begin="5400.00" end="7200.00" id="3142_link" nVehContrib="0" flow="0.00" occupancy="0.00" speed="-1.00" length="-1.00" nVehEntered="0"/>
   <interval begin="5400.00" end="7200.00" id="3143_link" nVehContrib="35" flow="70.00" occupancy="0.56" speed="18.24" length="5.24" nVehEntered="35"/>
   <interval begin="5400.00" end="7200.00" id="3144_link" nVehContrib="1" flow="2.00" occupancy="0.02" speed="18.15" length="5.00" nVehEntered="1"/>
   <interval begin="5400.00" end="7200.00" id="3145_link" nVehContrib="88" flow="176.00" occupancy="1.36" speed="18.25" length="5.05" nVehEntered="88"/>
   <interval begin="7200.00" end="9000.00" id="2857_link" nVehContrib="2" flow="4.00" occupancy="0.03" speed="18.37" length="4.75" nVehEntered="2"/>
   <interval begin="7200.00" end="9000.00" id="2858_link" nVehContrib="0" flow="0.00" occupancy="0.00" speed="-1.00" length="-1.00" nVehEntered="0"/>
   <interval begin="7200.00" end="9000.00" id="2859_link" nVehContrib="3" flow="6.00" occupancy="0.04" speed="18.84" length="4.50" nVehEntered="3"/>
   <interval begin="7200.00" end="9000.00" id="2860_link" nVehContrib="4" flow="8.00" occupancy="0.06" speed="19.57" length="5.50" nVehEntered="4"/>
   <interval begin="7200.00" end="9000.00" id="2861_link" nVehContrib="0" flow="0.00" occupancy="0.00" speed="-1.00" length="-1.00" nVehEntered="0"/>
   <interval begin="7200.00" end="9000.00" id="2862_link" nVehContrib="1" flow="2.00" occupancy="0.02" speed="14.37" length="4.50" nVehEntered="1"/>
   <interval begin="7200.00" end="9000.00" id="2863_link" nVehContrib="3" flow="6.00" occupancy="0.04" speed="18.71" length="5.00" nVehEntered="3"/>
   <interval begin="7200.00" end="9000.00" id="2868_link" nVehContrib="0" flow="0.00" occupancy="0.00" speed="-1.00" length="-1.00" nVehEntered="0"/>
   <interval begin="7200.00" end="9000.00" id="2869_link" nVehContrib="121" flow="242.00" occupancy="1.86" speed="18.02" length="4.93" nVehEntered="121"/>
   <interval begin="7200.00" end="9000.00" id="2870_link" nVehContrib="0" flow="0.00" occupancy="0.00" speed="-1.00" length="-1.00" nVehEntered="0"/>
   <interval begin="7200.00" end="9000.00" id="2875_link" nVehContrib="98" flow="196.00" occupancy="1.54" speed="17.98" length="4.97" nVehEntered="98"/>
   <interval begin="7200.00" end="9000.00" id="2884_link" nVehContrib="7" flow="14.00" occupancy="0.10" speed="17.62" length="4.64" nVehEntered="7"/>
   <interval begin="7200.00" end="9000.00" id="2885_link" nVehContrib="0" flow="0.00" occupancy="0.00" speed="-1.00" length="-1.00" nVehEntered="0"/>
   <interval begin="7200.00" end="9000.00" id="2886_link" nVehContrib="0" flow="0.00" occupancy="0.00" speed="-1.00" length="-1.00" nVehEntered="0"/>
   <interval begin="7200.00" end="9000.00" id="2899_link" nVehContrib="0" flow="0.00" occupancy="0.00" speed="-1.00" length="-1.00" nVehEntered="0"/>
   <interval begin="7200.00" end="9000.00" id="2928_link" nVehContrib="0" flow="0.00" occupancy="0.00" speed="-1.00" length="-1.00" nVehEntered="0"/>
   <interval begin="7200.00" end="9000.00" id="2929_link" nVehContrib="0" flow="0.00" occupancy="0.00" speed="-1.00" length="-1.00" nVehEntered="0"/>
   <interval begin="7200.00" end="9000.00" id="2930_link" nVehContrib="1" flow="2.00" occupancy="0.02" speed="19.06" length="5.50" nVehEntered="1"/>
   <interval begin="7200.00" end="9000.00" id="2931_link" nVehContrib="0" flow="0.00" occupancy="0.00" speed="-1.00" length="-1.00" nVehEntered="0"/>
   <interval begin="7200.00" end="9000.00" id="2932_link" nVehContrib="4" flow="8.00" occupancy="0.06" speed="19.35" length="4.88" nVehEntered="4"/>
   <interval begin="7200.00" end="9000.00" id="2933_link" nVehContrib="4" flow="8.00" occupancy="0.06" speed="19.50" length="4.88" nVehEntered="4"/>
   <interval begin="7200.00" end="9000.00" id="2934_link" nVehContrib="9" flow="18.00" occupancy="0.15" speed="16.72" length="5.06" nVehEntered="9"/>
   <interval begin="7200.00" end="9000.00" id="2939_link" nVehContrib="13" flow="26.00" occupancy="0.21" speed="17.32" length="5.08" nVehEntered="13"/>
   <interval begin="7200.00" end="9000.00" id="2940_link" nVehContrib="12" flow="24.00" occupancy="0.20" speed="17.22" length="5.12" nVehEntered="12"/>
   <interval begin="7200.00" end="9000.00" id="2945_link" nVehContrib="4" flow="8.00" occupancy="0.06" speed="19.02" length="4.88" nVehEntered="4"/>
   <interval begin="7200.00" end="9000.00" id="2946_link" nVehContrib="1" flow="2.00" occupancy="0.01" speed="19.39" length="4.50" nVehEntered="1"/>
   <interval begin="7200.00" end="9000.00" id="2951_link" nVehContrib="0" flow="0.00" occupancy="0.00" speed="-1.00" length="-1.00" nVehEntered="0"/>
   <interval begin="7200.00" end="9000.00" id="2960_link" nVehContrib="58" flow="116.00" occupancy="0.87" speed="18.48" length="4.93" nVehEntered="58"/>
   <interval begin="7200.00" end="9000.00" id="2961_link" nVehContrib="3" flow="6.00" occupancy="0.04" speed="19.02" length="4.83" nVehEntered="3"/>
   <interval begin="7200.00" end="9000.00" id="2962_link" nVehContrib="4" flow="8.00" occupancy="0.06" speed="19.23" length="4.75" nVehEntered="4"/>
   <interval begin="7200.00" end="9000.00" id="2967_link" nVehContrib="3" flow="6.00" occupancy="0.05" speed="18.01" length="5.17" nVehEntered="3"/>
   <interval begin="7200.00" end="9000.00" id="2968_link" nVehContrib="3" flow="6.00" occupancy="0.05" speed="17.96" length="5.17" nVehEntered="3"/>
   <interval begin="7200.00" end="9000.00" id="2969_link" nVehContrib="2" flow="4.00" occupancy="0.03" speed="16.49" length="5.00" nVehEntered="2"/>
   <interval begin="7200.00" end="9000.00" id="2974_link" nVehContrib="0" flow="0.00" occupancy="0.00" speed="-1.00" length="-1.00" nVehEntered="0"/>
   <interval begin="7200.00" end="9000.00" id="2975_link" nVehContrib="0" flow="0.00" occupancy="0.00" speed="-1.00" length="-1.00" nVehEntered="0"/>
   <interval begin="7200.00" end="9000.00" id="2984_link" nVehContrib="1" flow="2.00" occupancy="0.01" speed="18.16" length="4.50" nVehEntered="1"/>
   <interval begin="7200.00" end="9000.00" id="2985_link" nVehContrib="0" flow="0.00" occupancy="0.00" speed="-1.00" length="-1.00" nVehEntered="0"/>
   <interval begin="7200.00" end="9000.00" id="2990_link" nVehContrib="2" flow="4.00" occupancy="0.03" speed="18.12" length="5.00" nVehEntered="2"/>
   <interval begin="7200.00" end="9000.00" id="2995_link" nVehContrib="0" flow="0.00" occupancy="0.00" speed="-1.00" length="-1.00" nVehEntered="0"/>
   <interval begin="7200.00" end="9000.00" id="3004_link" nVehContrib="55" flow="110.00" occupancy="0.82" speed="18.62" length="4.94" nVehEntered="55"/>
   <interval begin="7200.00" end="9000.00" id="3013_link" nVehContrib="0" flow="0.00" occupancy="0.00" speed="-1.00" length="-1.00" nVehEntered="0"/>
   <interval begin="7200.00" end="9000.00" id="3014_link" nVehContrib="2" flow="4.00" occupancy="0.03" speed="19.94" length="4.50" nVehEntered="2"/>
   <interval begin="7200.00" end="9000.00" id="3015_link" nVehContrib="114" flow="228.00" occupancy="1.81" speed="17.62" length="4.99" nVehEntered="114"/>
   <interval begin="7200.00" end="9000.00" id="3020_link" nVehContrib="0" flow="0.00" occupancy="0.00" speed="-1.00" length="-1.00" nVehEntered="0"/>
   <interval begin="7200.00" end="9000.00" id="3025_link" nVehContrib="2" flow="4.00" occupancy="0.03" speed="20.66" length="5.25" nVehEntered="2"/>
   <interval begin="7200.00" end="9000.00" id="3026_link" nVehContrib="16" flow="32.00" occupancy="0.28" speed="16.84" length="5.22" nVehEntered="16"/>
   <interval begin="7200.00" end="9000.00" id="3039_link" nVehContrib="4" flow="8.00" occupancy="0.06" speed="17.45" length="4.62" nVehEntered="4"/>
   <interval begin="7200.00" end="9000.00" id="3040_link" nVehContrib="4" flow="8.00" occupancy="0.06" speed="19.18" length="5.00" nVehEntered="4"/>
   <interval begin="7200.00" end="9000.00" id="3041_link" nVehContrib="8" flow="16.00" occupancy="0.11" speed="19.41" length="4.94" nVehEntered="8"/>
   <interval begin="7200.00" end="9000.00" id="3042_link" nVehContrib="11" flow="22.00" occupancy="0.21" speed="14.68" length="4.95" nVehEntered="11"/>
   <interval begin="7200.00" end="9000.00" id="3047_link" nVehContrib="1" flow="2.00" occupancy="0.01" speed="18.87" length="5.00" nVehEntered="1"/>
   <interval begin="7200.00" end="9000.00" id="3052_link" nVehContrib="0" flow="0.00" occupancy="0.00" speed="-1.00" length="-1.00" nVehEntered="0"/>
   <interval begin="7200.00" end="9000.00" id="3065_link" nVehContrib="61" flow="122.00" occupancy="0.93" speed="18.02" length="4.89" nVehEntered="61"/>
   <interval begin="7200.00" end="9000.00" id="3066_link" nVehContrib="1" flow="2.00" occupancy="0.01" speed="17.97" length="4.50" nVehEntered="1"/>
   <interval begin="7200.00" end="9000.00" id="3071_link" nVehContrib="5" flow="10.00" occupancy="0.07" speed="18.90" length="4.90" nVehEntered="5"/>
   <interval begin="7200.00" end="9000.00" id="3080_link" nVehContrib="1" flow="2.00" occupancy="0.02" speed="16.04" length="7.00" nVehEntered="1"/>
   <interval begin="7200.00" end="9000.00" id="3085_link" nVehContrib="177" flow="354.00" occupancy="2.71" speed="18.03" length="4.94" nVehEntered="177"/>
   <interval begin="7200.00" end="9000.00" id="3086_link" nVehContrib="0" flow="0.00" occupancy="0.00" speed="-1.00" length="-1.00" nVehEntered="0"/>
   <interval begin="7200.00" end="9000.00" id="3095_link" nVehContrib="117" flow="234.00" occupancy="1.87