<?xml version="1.0" encoding="UTF-8"?>

<!-- generated on Wed Aug 30 12:38:45 2023 by SUMO Version 0.26.0
<?xml version="1.0" encoding="UTF-8"?>

<configuration xmlns:xsi="http://www.w3.org/2001/XMLSchema-instance" xsi:noNamespaceSchemaLocation="http://sumo.dlr.de/xsd/sumoConfiguration.xsd">

    <input>
        <net-file value="/home/joao/Projetos/reroutingStudies/Luxembourg/sim.net.xml"/>
        <route-files value="/home/joao/Projetos/reroutingStudies/Luxembourg/buslines.rou.xml,/home/joao/Projetos/reroutingStudies/Luxembourg/DUERoutes/local.actuated.0.rou.xml,/home/joao/Projetos/reroutingStudies/Luxembourg/DUERoutes/local.actuated.1.rou.xml,/home/joao/Projetos/reroutingStudies/Luxembourg/DUERoutes/local.actuated.2.rou.xml,/home/joao/Projetos/reroutingStudies/Luxembourg/transit.rou.xml"/>
        <additional-files value="/home/joao/Projetos/reroutingStudies/Luxembourg/vtypes.add.xml,/home/joao/Projetos/reroutingStudies/Luxembourg/busstops.add.xml,/home/joao/Projetos/reroutingStudies/Luxembourg/e1detectors.add.xml,/home/joao/Projetos/reroutingStudies/Luxembourg/lust.poly.xml"/>
    </input>

    <output>
        <summary-output value="/home/joao/Projetos/reroutingStudies/Luxembourg/due.actuated.summary.xml"/>
        <tripinfo-output value="Outputs_EBkSP/Luxembourg/reroute_EBkSP_0.xml"/>
    </output>

    <time>
        <begin value="0"/>
        <step-length value="1"/>
    </time>

    <processing>
        <ignore-junction-blocker value="20"/>
        <time-to-teleport value="600"/>
        <max-depart-delay value="600"/>
    </processing>

    <routing>
        <routing-algorithm value="dijkstra"/>
    </routing>

    <report>
        <verbose value="true"/>
        <log value="/home/joao/Projetos/reroutingStudies/Luxembourg/due.actuated.log"/>
    </report>

    <emissions>
        <device.emissions.probability value="1"/>
    </emissions>

    <traci_server>
        <remote-port value="56949"/>
    </traci_server>

    <random_number>
        <seed value="0"/>
    </random_number>

</configuration>
-->

<detector xmlns:xsi="http://www.w3.org/2001/XMLSchema-instance" xsi:noNamespaceSchemaLocation="http://sumo.dlr.de/xsd/det_e1_file.xsd">
   <interval begin="0.00" end="1800.00" id="2864_OffRamp" nVehContrib="0" flow="0.00" occupancy="0.00" speed="-1.00" length="-1.00" nVehEntered="0"/>
   <interval begin="0.00" end="1800.00" id="2865_OffRamp" nVehContrib="57" flow="114.00" occupancy="0.50" speed="32.44" length="5.11" nVehEntered="58"/>
   <interval begin="0.00" end="1800.00" id="2866_OffRamp" nVehContrib="1" flow="2.00" occupancy="0.06" speed="5.21" length="6.00" nVehEntered="1"/>
   <interval begin="0.00" end="1800.00" id="2867_OffRamp" nVehContrib="2" flow="4.00" occupancy="0.02" speed="32.37" length="4.75" nVehEntered="2"/>
   <interval begin="0.00" end="1800.00" id="2871_OffRamp" nVehContrib="2" flow="4.00" occupancy="0.02" speed="29.71" length="4.75" nVehEntered="2"/>
   <interval begin="0.00" end="1800.00" id="2872_OffRamp" nVehContrib="34" flow="68.00" occupancy="0.29" speed="34.00" length="5.01" nVehEntered="34"/>
   <interval begin="0.00" end="1800.00" id="2873_OffRamp" nVehContrib="1" flow="2.00" occupancy="0.01" speed="41.45" length="5.00" nVehEntered="1"/>
   <interval begin="0.00" end="1800.00" id="2874_OffRamp" nVehContrib="4" flow="8.00" occupancy="0.03" speed="35.47" length="4.88" nVehEntered="4"/>
   <interval begin="0.00" end="1800.00" id="2876_OffRamp" nVehContrib="2" flow="4.00" occupancy="0.02" speed="25.74" length="5.00" nVehEntered="2"/>
   <interval begin="0.00" end="1800.00" id="2877_OffRamp" nVehContrib="0" flow="0.00" occupancy="0.00" speed="-1.00" length="-1.00" nVehEntered="0"/>
   <interval begin="0.00" end="1800.00" id="2878_OffRamp" nVehContrib="0" flow="0.00" occupancy="0.00" speed="-1.00" length="-1.00" nVehEntered="0"/>
   <interval begin="0.00" end="1800.00" id="2879_OffRamp" nVehContrib="0" flow="0.00" occupancy="0.00" speed="-1.00" length="-1.00" nVehEntered="0"/>
   <interval begin="0.00" end="1800.00" id="2880_OffRamp" nVehContrib="1" flow="2.00" occupancy="0.01" speed="27.83" length="5.00" nVehEntered="1"/>
   <interval begin="0.00" end="1800.00" id="2881_OffRamp" nVehContrib="39" flow="78.00" occupancy="0.31" speed="34.65" length="4.86" nVehEntered="39"/>
   <interval begin="0.00" end="1800.00" id="2882_OffRamp" nVehContrib="0" flow="0.00" occupancy="0.00" speed="-1.00" length="-1.00" nVehEntered="0"/>
   <interval begin="0.00" end="1800.00" id="2883_OffRamp" nVehContrib="8" flow="16.00" occupancy="0.06" speed="37.02" length="4.94" nVehEntered="8"/>
   <interval begin="0.00" end="1800.00" id="2887_OffRamp" nVehContrib="0" flow="0.00" occupancy="0.00" speed="-1.00" length="-1.00" nVehEntered="0"/>
   <interval begin="0.00" end="1800.00" id="2888_OffRamp" nVehContrib="37" flow="74.00" occupancy="0.32" speed="33.45" length="5.07" nVehEntered="37"/>
   <interval begin="0.00" end="1800.00" id="2889_OffRamp" nVehContrib="2" flow="4.00" occupancy="0.02" speed="35.77" length="5.00" nVehEntered="2"/>
   <interval begin="0.00" end="1800.00" id="2890_OffRamp" nVehContrib="10" flow="20.00" occupancy="0.07" speed="41.11" length="4.85" nVehEntered="10"/>
   <interval begin="0.00" end="1800.00" id="2891_OffRamp" nVehContrib="1" flow="2.00" occupancy="0.01" speed="29.43" length="5.00" nVehEntered="1"/>
   <interval begin="0.00" end="1800.00" id="2892_OffRamp" nVehContrib="42" flow="84.00" occupancy="0.33" speed="34.57" length="4.89" nVehEntered="42"/>
   <interval begin="0.00" end="1800.00" id="2893_OffRamp" nVehContrib="3" flow="6.00" occupancy="0.02" speed="33.80" length="4.50" nVehEntered="4"/>
   <interval begin="0.00" end="1800.00" id="2894_OffRamp" nVehContrib="4" flow="8.00" occupancy="0.08" speed="30.32" length="5.12" nVehEntered="4"/>
   <interval begin="0.00" end="1800.00" id="2895_OffRamp" nVehContrib="1" flow="2.00" occupancy="0.01" speed="28.12" length="4.50" nVehEntered="1"/>
   <interval begin="0.00" end="1800.00" id="2896_OffRamp" nVehContrib="0" flow="0.00" occupancy="0.00" speed="-1.00" length="-1.00" nVehEntered="0"/>
   <interval begin="0.00" end="1800.00" id="2897_OffRamp" nVehContrib="0" flow="0.00" occupancy="0.00" speed="-1.00" length="-1.00" nVehEntered="0"/>
   <interval begin="0.00" end="1800.00" id="2898_OffRamp" nVehContrib="0" flow="0.00" occupancy="0.00" speed="-1.00" length="-1.00" nVehEntered="0"/>
   <interval begin="0.00" end="1800.00" id="2916_OffRamp" nVehContrib="0" flow="0.00" occupancy="0.00" speed="-1.00" length="-1.00" nVehEntered="0"/>
   <interval begin="0.00" end="1800.00" id="2917_OffRamp" nVehContrib="32" flow="64.00" occupancy="0.28" speed="32.86" length="5.16" nVehEntered="32"/>
   <interval begin="0.00" end="1800.00" id="2918_OffRamp" nVehContrib="3" flow="6.00" occupancy="0.02" speed="36.37" length="4.50" nVehEntered="3"/>
   <interval begin="0.00" end="1800.00" id="2919_OffRamp" nVehContrib="14" flow="28.00" occupancy="0.09" speed="40.04" length="4.82" nVehEntered="14"/>
   <interval begin="0.00" end="1800.00" id="2920_OffRamp" nVehContrib="59" flow="118.00" occupancy="0.59" speed="27.30" length="4.92" nVehEntered="59"/>
   <interval begin="0.00" end="1800.00" id="2921_OffRamp" nVehContrib="0" flow="0.00" occupancy="0.00" speed="-1.00" length="-1.00" nVehEntered="0"/>
   <interval begin="0.00" end="1800.00" id="2922_OffRamp" nVehContrib="0" flow="0.00" occupancy="0.00" speed="-1.00" length="-1.00" nVehEntered="0"/>
   <interval begin="0.00" end="1800.00" id="2923_OffRamp" nVehContrib="0" flow="0.00" occupancy="0.00" speed="-1.00" length="-1.00" nVehEntered="0"/>
   <interval begin="0.00" end="1800.00" id="2935_OffRamp" nVehContrib="3" flow="6.00" occupancy="0.03" speed="28.74" length="5.00" nVehEntered="3"/>
   <interval begin="0.00" end="1800.00" id="2936_OffRamp" nVehContrib="38" flow="76.00" occupancy="0.32" speed="34.38" length="5.03" nVehEntered="38"/>
   <interval begin="0.00" end="1800.00" id="2937_OffRamp" nVehContrib="1" flow="2.00" occupancy="0.01" speed="33.91" length="5.00" nVehEntered="1"/>
   <interval begin="0.00" end="1800.00" id="2938_OffRamp" nVehContrib="3" flow="6.00" occupancy="0.02" speed="35.90" length="4.83" nVehEntered="3"/>
   <interval begin="0.00" end="1800.00" id="2952_OffRamp" nVehContrib="7" flow="14.00" occupancy="0.06" speed="29.06" length="4.79" nVehEntered="7"/>
   <interval begin="0.00" end="1800.00" id="2953_OffRamp" nVehContrib="31" flow="62.00" occupancy="0.26" speed="33.83" length="5.05" nVehEntered="31"/>
   <interval begin="0.00" end="1800.00" id="2954_OffRamp" nVehContrib="3" flow="6.00" occupancy="0.02" speed="39.00" length="4.67" nVehEntered="3"/>
   <interval begin="0.00" end="1800.00" id="2955_OffRamp" nVehContrib="0" flow="0.00" occupancy="0.00" speed="-1.00" length="-1.00" nVehEntered="0"/>
   <interval begin="0.00" end="1800.00" id="2956_OffRamp" nVehContrib="53" flow="106.00" occupancy="0.58" speed="25.68" length="5.04" nVehEntered="53"/>
   <interval begin="0.00" end="1800.00" id="2957_OffRamp" nVehContrib="0" flow="0.00" occupancy="0.00" speed="-1.00" length="-1.00" nVehEntered="0"/>
   <interval begin="0.00" end="1800.00" id="2958_OffRamp" nVehContrib="0" flow="0.00" occupancy="0.00" speed="-1.00" length="-1.00" nVehEntered="0"/>
   <interval begin="0.00" end="1800.00" id="2959_OffRamp" nVehContrib="0" flow="0.00" occupancy="0.00" speed="-1.00" length="-1.00" nVehEntered="0"/>
   <interval begin="0.00" end="1800.00" id="2996_OffRamp" nVehContrib="0" flow="0.00" occupancy="0.00" speed="-1.00" length="-1.00" nVehEntered="0"/>
   <interval begin="0.00" end="1800.00" id="2997_OffRamp" nVehContrib="46" flow="92.00" occupancy="0.38" speed="34.80" length="5.03" nVehEntered="46"/>
   <interval begin="0.00" end="1800.00" id="2998_OffRamp" nVehContrib="4" flow="8.00" occupancy="0.03" speed="39.67" length="4.75" nVehEntered="4"/>
   <interval begin="0.00" end="1800.00" id="2999_OffRamp" nVehContrib="0" flow="0.00" occupancy="0.00" speed="-1.00" length="-1.00" nVehEntered="0"/>
   <interval begin="0.00" end="1800.00" id="3005_OffRamp" nVehContrib="2" flow="4.00" occupancy="0.02" speed="28.31" length="5.00" nVehEntered="2"/>
   <interval begin="0.00" end="1800.00" id="3006_OffRamp" nVehContrib="29" flow="58.00" occupancy="0.24" speed="33.78" length="4.88" nVehEntered="29"/>
   <interval begin="0.00" end="1800.00" id="3007_OffRamp" nVehContrib="4" flow="8.00" occupancy="0.03" speed="38.95" length="4.88" nVehEntered="4"/>
   <interval begin="0.00" end="1800.00" id="3008_OffRamp" nVehContrib="8" flow="16.00" occupancy="0.06" speed="37.56" length="4.94" nVehEntered="8"/>
   <interval begin="0.00" end="1800.00" id="3009_OffRamp" nVehContrib="1" flow="2.00" occupancy="0.01" speed="29.04" length="4.50" nVehEntered="1"/>
   <interval begin="0.00" end="1800.00" id="3010_OffRamp" nVehContrib="66" flow="132.00" occupancy="0.55" speed="33.63" length="4.98" nVehEntered="66"/>
   <interval begin="0.00" end="1800.00" id="3011_OffRamp" nVehContrib="5" flow="10.00" occupancy="0.04" speed="34.35" length="4.80" nVehEntered="5"/>
   <interval begin="0.00" end="1800.00" id="3012_OffRamp" nVehContrib="1" flow="2.00" occupancy="0.01" speed="41.31" length="5.00" nVehEntered="1"/>
   <interval begin="0.00" end="1800.00" id="3016_OffRamp" nVehContrib="17" flow="34.00" occupancy="0.17" speed="28.75" length="5.03" nVehEntered="17"/>
   <interval begin="0.00" end="1800.00" id="3017_OffRamp" nVehContrib="41" flow="82.00" occupancy="0.34" speed="34.08" length="5.07" nVehEntered="41"/>
   <interval begin="0.00" end="1800.00" id="3018_OffRamp" nVehContrib="1" flow="2.00" occupancy="0.01" speed="41.71" length="4.50" nVehEntered="1"/>
   <interval begin="0.00" end="1800.00" id="3019_OffRamp" nVehContrib="0" flow="0.00" occupancy="0.00" speed="-1.00" length="-1.00" nVehEntered="0"/>
   <interval begin="0.00" end="1800.00" id="3021_OffRamp" nVehContrib="42" flow="84.00" occupancy="0.43" speed="27.30" length="4.95" nVehEntered="42"/>
   <interval begin="0.00" end="1800.00" id="3022_OffRamp" nVehContrib="38" flow="76.00" occupancy="0.31" speed="34.08" length="5.00" nVehEntered="38"/>
   <interval begin="0.00" end="1800.00" id="3023_OffRamp" nVehContrib="3" flow="6.00" occupancy="0.02" speed="39.52" length="4.67" nVehEntered="3"/>
   <interval begin="0.00" end="1800.00" id="3024_OffRamp" nVehContrib="0" flow="0.00" occupancy="0.00" speed="-1.00" length="-1.00" nVehEntered="0"/>
   <interval begin="0.00" end="1800.00" id="3027_OffRamp" nVehContrib="12" flow="24.00" occupancy="0.13" speed="27.14" length="5.12" nVehEntered="12"/>
   <interval begin="0.00" end="1800.00" id="3028_OffRamp" nVehContrib="29" flow="58.00" occupancy="0.25" speed="33.48" length="5.03" nVehEntered="29"/>
   <interval begin="0.00" end="1800.00" id="3029_OffRamp" nVehContrib="1" flow="2.00" occupancy="0.01" speed="36.03" length="6.00" nVehEntered="1"/>
   <interval begin="0.00" end="1800.00" id="3030_OffRamp" nVehContrib="11" flow="22.00" occupancy="0.08" speed="39.68" length="4.86" nVehEntered="11"/>
   <interval begin="0.00" end="1800.00" id="3031_OffRamp" nVehContrib="0" flow="0.00" occupancy="0.00" speed="-1.00" length="-1.00" nVehEntered="0"/>
   <interval begin="0.00" end="1800.00" id="3032_OffRamp" nVehContrib="62" flow="124.00" occupancy="0.54" speed="31.95" length="4.97" nVehEntered="62"/>
   <interval begin="0.00" end="1800.00" id="3033_OffRamp" nVehContrib="0" flow="0.00" occupancy="0.00" speed="-1.00" length="-1.00" nVehEntered="0"/>
   <interval begin="0.00" end="1800.00" id="3034_OffRamp" nVehContrib="0" flow="0.00" occupancy="0.00" speed="-1.00" length="-1.00" nVehEntered="0"/>
   <interval begin="0.00" end="1800.00" id="3035_OffRamp" nVehContrib="1" flow="2.00" occupancy="0.01" speed="26.88" length="5.00" nVehEntered="1"/>
   <interval begin="0.00" end="1800.00" id="3036_OffRamp" nVehContrib="0" flow="0.00" occupancy="0.00" speed="-1.00" length="-1.00" nVehEntered="0"/>
   <interval begin="0.00" end="1800.00" id="3037_OffRamp" nVehContrib="0" flow="0.00" occupancy="0.00" speed="-1.00" length="-1.00" nVehEntered="0"/>
   <interval begin="0.00" end="1800.00" id="3038_OffRamp" nVehContrib="0" flow="0.00" occupancy="0.00" speed="-1.00" length="-1.00" nVehEntered="0"/>
   <interval begin="0.00" end="1800.00" id="3048_OffRamp" nVehContrib="0" flow="0.00" occupancy="0.00" speed="-1.00" length="-1.00" nVehEntered="0"/>
   <interval begin="0.00" end="1800.00" id="3049_OffRamp" nVehContrib="44" flow="88.00" occupancy="0.37" speed="33.76" length="5.01" nVehEntered="44"/>
   <interval begin="0.00" end="1800.00" id="3050_OffRamp" nVehContrib="0" flow="0.00" occupancy="0.00" speed="-1.00" length="-1.00" nVehEntered="0"/>
   <interval begin="0.00" end="1800.00" id="3051_OffRamp" nVehContrib="0" flow="0.00" occupancy="0.00" speed="-1.00" length="-1.00" nVehEntered="0"/>
   <interval begin="0.00" end="1800.00" id="3061_OffRamp" nVehContrib="0" flow="0.00" occupancy="0.00" speed="-1.00" length="-1.00" nVehEntered="0"/>
   <interval begin="0.00" end="1800.00" id="3062_OffRamp" nVehContrib="30" flow="60.00" occupancy="0.26" speed="33.32" length="5.07" nVehEntered="30"/>
   <interval begin="0.00" end="1800.00" id="3063_OffRamp" nVehContrib="0" flow="0.00" occupancy="0.00" speed="-1.00" length="-1.00" nVehEntered="0"/>
   <interval begin="0.00" end="1800.00" id="3064_OffRamp" nVehContrib="11" flow="22.00" occupancy="0.07" speed="39.80" length="4.86" nVehEntered="11"/>
   <interval begin="0.00" end="1800.00" id="3067_OffRamp" nVehContrib="1" flow="2.00" occupancy="0.01" speed="29.11" length="4.50" nVehEntered="1"/>
   <interval begin="0.00" end="1800.00" id="3068_OffRamp" nVehContrib="0" flow="0.00" occupancy="0.00" speed="-1.00" length="-1.00" nVehEntered="0"/>
   <interval begin="0.00" end="1800.00" id="3069_OffRamp" nVehContrib="0" flow="0.00" occupancy="0.00" speed="-1.00" length="-1.00" nVehEntered="0"/>
   <interval begin="0.00" end="1800.00" id="3070_OffRamp" nVehContrib="0" flow="0.00" occupancy="0.00" speed="-1.00" length="-1.00" nVehEntered="0"/>
   <interval begin="0.00" end="1800.00" id="3091_OffRamp" nVehContrib="1" flow="2.00" occupancy="0.01" speed="30.47" length="4.50" nVehEntered="1"/>
   <interval begin="0.00" end="1800.00" id="3092_OffRamp" nVehContrib="57" flow="114.00" occupancy="0.48" speed="34.44" length="5.11" nVehEntered="57"/>
   <interval begin="0.00" end="1800.00" id="3093_OffRamp" nVehContrib="0" flow="0.00" occupancy="0.00" speed="-1.00" length="-1.00" nVehEntered="0"/>
   <interval begin="0.00" end="1800.00" id="3094_OffRamp" nVehContrib="6" flow="12.00" occupancy="0.04" speed="36.11" length="4.83" nVehEntered="6"/>
   <interval begin="0.00" end="1800.00" id="3100_OffRamp" nVehContrib="2" flow="4.00" occupancy="0.02" speed="27.42" length="5.00" nVehEntered="2"/>
   <interval begin="0.00" end="1800.00" id="3101_OffRamp" nVehContrib="39" flow="78.00" occupancy="0.33" speed="34.26" length="5.08" nVehEntered="39"/>
   <interval begin="0.00" end="1800.00" id="3102_OffRamp" nVehContrib="1" flow="2.00" occupancy="0.01" speed="42.59" length="4.50" nVehEntered="1"/>
   <interval begin="0.00" end="1800.00" id="3103_OffRamp" nVehContrib="0" flow="0.00" occupancy="0.00" speed="-1.00" length="-1.00" nVehEntered="0"/>
   <interval begin="0.00" end="1800.00" id="3104_OffRamp" nVehContrib="34" flow="68.00" occupancy="0.34" speed="27.51" length="4.97" nVehEntered="34"/>
   <interval begin="0.00" end="1800.00" id="3105_OffRamp" nVehContrib="34" flow="68.00" occupancy="0.28" speed="34.28" length="4.99" nVehEntered="34"/>
   <interval begin="0.00" end="1800.00" id="3106_OffRamp" nVehContrib="1" flow="2.00" occupancy="0.01" speed="32.60" length="5.00" nVehEntered="1"/>
   <interval begin="0.00" end="1800.00" id="3107_OffRamp" nVehContrib="3" flow="6.00" occupancy="0.02" speed="38.58" length="4.83" nVehEntered="3"/>
   <interval begin="0.00" end="1800.00" id="3137_OffRamp" nVehContrib="1" flow="2.00" occupancy="0.01" speed="26.28" length="7.00" nVehEntered="1"/>
   <interval begin="0.00" end="1800.00" id="3138_OffRamp" nVehContrib="2" flow="4.00" occupancy="0.02" speed="29.71" length="5.00" nVehEntered="2"/>
   <interval begin="0.00" end="1800.00" id="3139_OffRamp" nVehContrib="0" flow="0.00" occupancy="0.00" speed="-1.00" length="-1.00" nVehEntered="0"/>
   <interval begin="0.00" end="1800.00" id="3140_OffRamp" nVehContrib="0" flow="0.00" occupancy="0.00" speed="-1.00" length="-1.00" nVehEntered="0"/>
   <interval begin="1800.00" end="3600.00" id="2864_OffRamp" nVehContrib="1" flow="2.00" occupancy="0.02" speed="13.72" length="4.50" nVehEntered="1"/>
   <interval begin="1800.00" end="3600.00" id="2865_OffRamp" nVehContrib="62" flow="124.00" occupancy="0.54" speed="32.44" length="5.06" nVehEntered="62"/>
   <interval begin="1800.00" end="3600.00" id="2866_OffRamp" nVehContrib="0" flow="0.00" occupancy="0.00" speed="-1.00" length="-1.00" nVehEntered="0"/>
   <interval begin="1800.00" end="3600.00" id="2867_OffRamp" nVehContrib="1" flow="2.00" occupancy="0.01" speed="31.56" length="4.50" nVehEntered="1"/>
   <interval begin="1800.00" end="3600.00" id="2871_OffRamp" nVehContrib="1" flow="2.00" occupancy="0.01" speed="27.44" length="5.50" nVehEntered="1"/>
   <interval begin="1800.00" end="3600.00" id="2872_OffRamp" nVehContrib="48" flow="96.00" occupancy="0.41" speed="33.86" length="5.04" nVehEntered="48"/>
   <interval begin="1800.00" end="3600.00" id="2873_OffRamp" nVehContrib="1" flow="2.00" occupancy="0.01" speed="41.04" length="4.50" nVehEntered="1"/>
   <interval begin="1800.00" end="3600.00" id="2874_OffRamp" nVehContrib="9" flow="18.00" occupancy="0.06" speed="37.28" length="4.61" nVehEntered="9"/>
   <interval begin="1800.00" end="3600.00" id="2876_OffRamp" nVehContrib="2" flow="4.00" occupancy="0.02" speed="28.10" length="4.75" nVehEntered="2"/>
   <interval begin="1800.00" end="3600.00" id="2877_OffRamp" nVehContrib="1" flow="2.00" occupancy="0.01" speed="29.29" length="7.00" nVehEntered="1"/>
   <interval begin="1800.00" end="3600.00" id="2878_OffRamp" nVehContrib="0" flow="0.00" occupancy="0.00" speed="-1.00" length="-1.00" nVehEntered="0"/>
   <interval begin="1800.00" end="3600.00" id="2879_OffRamp" nVehContrib="0" flow="0.00" occupancy="0.00" speed="-1.00" length="-1.00" nVehEntered="0"/>
   <interval begin="1800.00" end="3600.00" id="2880_OffRamp" nVehContrib="1" flow="2.00" occupancy="0.01" speed="27.56" length="7.00" nVehEntered="1"/>
   <interval begin="1800.00" end="3600.00" id="2881_OffRamp" nVehContrib="44" flow="88.00" occupancy="0.38" speed="33.85" length="5.16" nVehEntered="44"/>
   <interval begin="1800.00" end="3600.00" id="2882_OffRamp" nVehContrib="2" flow="4.00" occupancy="0.01" speed="41.79" length="5.25" nVehEntered="2"/>
   <interval begin="1800.00" end="3600.00" id="2883_OffRamp" nVehContrib="6" flow="12.00" occupancy="0.05" speed="34.79" length="5.33" nVehEntered="6"/>
   <interval begin="1800.00" end="3600.00" id="2887_OffRamp" nVehContrib="1" flow="2.00" occupancy="0.01" speed="28.12" length="4.50" nVehEntered="1"/>
   <interval begin="1800.00" end="3600.00" id="2888_OffRamp" nVehContrib="46" flow="92.00" occupancy="0.37" speed="34.45" length="4.91" nVehEntered="46"/>
   <interval begin="1800.00" end="3600.00" id="2889_OffRamp" nVehContrib="3" flow="6.00" occupancy="0.02" speed="39.24" length="4.67" nVehEntered="3"/>
   <interval begin="1800.00" end="3600.00" id="2890_OffRamp" nVehContrib="7" flow="14.00" occupancy="0.05" speed="39.34" length="4.79" nVehEntered="7"/>
   <interval begin="1800.00" end="3600.00" id="2891_OffRamp" nVehContrib="6" flow="12.00" occupancy="0.06" speed="27.50" length="4.83" nVehEntered="6"/>
   <interval begin="1800.00" end="3600.00" id="2892_OffRamp" nVehContrib="47" flow="94.00" occupancy="0.41" speed="34.10" length="5.19" nVehEntered="47"/>
   <interval begin="1800.00" end="3600.00" id="2893_OffRamp" nVehContrib="1" flow="2.00" occupancy="0.01" speed="28.99" length="6.00" nVehEntered="1"/>
   <interval begin="1800.00" end="3600.00" id="2894_OffRamp" nVehContrib="5" flow="10.00" occupancy="0.04" speed="35.76" length="5.20" nVehEntered="5"/>
   <interval begin="1800.00" end="3600.00" id="2895_OffRamp" nVehContrib="4" flow="8.00" occupancy="0.04" speed="27.36" length="5.12" nVehEntered="4"/>
   <interval begin="1800.00" end="3600.00" id="2896_OffRamp" nVehContrib="1" flow="2.00" occupancy="0.01" speed="28.92" length="5.50" nVehEntered="1"/>
   <interval begin="1800.00" end="3600.00" id="2897_OffRamp" nVehContrib="0" flow="0.00" occupancy="0.00" speed="-1.00" length="-1.00" nVehEntered="0"/>
   <interval begin="1800.00" end="3600.00" id="2898_OffRamp" nVehContrib="0" flow="0.00" occupancy="0.00" speed="-1.00" length="-1.00" nVehEntered="0"/>
   <interval begin="1800.00" end="3600.00" id="2916_OffRamp" nVehContrib="1" flow="2.00" occupancy="0.01" speed="28.21" length="5.50" nVehEntered="1"/>
   <interval begin="1800.00" end="3600.00" id="2917_OffRamp" nVehContrib="38" flow="76.00" occupancy="0.32" speed="33.24" length="4.93" nVehEntered="38"/>
   <interval begin="1800.00" end="3600.00" id="2918_OffRamp" nVehContrib="0" flow="0.00" occupancy="0.00" speed="-1.00" length="-1.00" nVehEntered="0"/>
   <interval begin="1800.00" end="3600.00" id="2919_OffRamp" nVehContrib="17" flow="34.00" occupancy="0.12" speed="39.44" length="4.85" nVehEntered="17"/>
   <interval begin="1800.00" end="3600.00" id="2920_OffRamp" nVehContrib="69" flow="138.00" occupancy="0.74" speed="26.81" length="5.12" nVehEntered="69"/>
   <interval begin="1800.00" end="3600.00" id="2921_OffRamp" nVehContrib="1" flow="2.00" occupancy="0.01" speed="29.87" length="5.50" nVehEntered="1"/>
   <interval begin="1800.00" end="3600.00" id="2922_OffRamp" nVehContrib="0" flow="0.00" occupancy="0.00" speed="-1.00" length="-1.00" nVehEntered="0"/>
   <interval begin="1800.00" end="3600.00" id="2923_OffRamp" nVehContrib="0" flow="0.00" occupancy="0.00" speed="-1.00" length="-1.00" nVehEntered="0"/>
   <interval begin="1800.00" end="3600.00" id="2935_OffRamp" nVehContrib="1" flow="2.00" occupancy="0.01" speed="26.07" length="5.00" nVehEntered="1"/>
   <interval begin="1800.00" end="3600.00" id="2936_OffRamp" nVehContrib="51" flow="102.00" occupancy="0.42" speed="34.21" length="5.00" nVehEntered="51"/>
   <interval begin="1800.00" end="3600.00" id="2937_OffRamp" nVehContrib="5" flow="10.00" occupancy="0.04" speed="34.64" length="4.60" nVehEntered="5"/>
   <interval begin="1800.00" end="3600.00" id="2938_OffRamp" nVehContrib="3" flow="6.00" occupancy="0.02" speed="38.32" length="4.67" nVehEntered="3"/>
   <interval begin="1800.00" end="3600.00" id="2952_OffRamp" nVehContrib="7" flow="14.00" occupancy="0.07" speed="28.29" length="4.93" nVehEntered="7"/>
   <interval begin="1800.00" end="3600.00" id="2953_OffRamp" nVehContrib="37" flow="74.00" occupancy="0.31" speed="34.11" length="5.01" nVehEntered="37"/>
   <interval begin="1800.00" end="3600.00" id="2954_OffRamp" nVehContrib="1" flow="2.00" occupancy="0.01" speed="34.24" length="5.00" nVehEntered="1"/>
   <interval begin="1800.00" end="3600.00" id="2955_OffRamp" nVehContrib="0" flow="0.00" occupancy="0.00" speed="-1.00" length="-1.00" nVehEntered="0"/>
   <interval begin="1800.00" end="3600.00" id="2956_OffRamp" nVehContrib="67" flow="134.00" occupancy="0.71" speed="26.22" length="4.98" nVehEntered="67"/>
   <interval begin="1800.00" end="3600.00" id="2957_OffRamp" nVehContrib="0" flow="0.00" occupancy="0.00" speed="-1.00" length="-1.00" nVehEntered="0"/>
   <interval begin="1800.00" end="3600.00" id="2958_OffRamp" nVehContrib="0" flow="0.00" occupancy="0.00" speed="-1.00" length="-1.00" nVehEntered="0"/>
   <interval begin="1800.00" end="3600.00" id="2959_OffRamp" nVehContrib="0" flow="0.00" occupancy="0.00" speed="-1.00" length="-1.00" nVehEntered="0"/>
   <interval begin="1800.00" end="3600.00" id="2996_OffRamp" nVehContrib="0" flow="0.00" occupancy="0.00" speed="-1.00" length="-1.00" nVehEntered="0"/>
   <interval begin="1800.00" end="3600.00" id="2997_OffRamp" nVehContrib="52" flow="104.00" occupancy="0.41" speed="35.22" length="4.88" nVehEntered="52"/>
   <interval begin="1800.00" end="3600.00" id="2998_OffRamp" nVehContrib="2" flow="4.00" occupancy="0.01" speed="37.30" length="4.75" nVehEntered="2"/>
   <interval begin="1800.00" end="3600.00" id="2999_OffRamp" nVehContrib="0" flow="0.00" occupancy="0.00" speed="-1.00" length="-1.00" nVehEntered="0"/>
   <interval begin="1800.00" end="3600.00" id="3005_OffRamp" nVehContrib="1" flow="2.00" occupancy="0.01" speed="27.31" length="4.50" nVehEntered="1"/>
   <interval begin="1800.00" end="3600.00" id="3006_OffRamp" nVehContrib="35" flow="70.00" occupancy="0.32" speed="32.58" length="5.26" nVehEntered="35"/>
   <interval begin="1800.00" end="3600.00" id="3007_OffRamp" nVehContrib="9" flow="18.00" occupancy="0.06" speed="38.47" length="4.83" nVehEntered="9"/>
   <interval begin="1800.00" end="3600.00" id="3008_OffRamp" nVehContrib="9" flow="18.00" occupancy="0.08" speed="35.62" length="5.22" nVehEntered="9"/>
   <interval begin="1800.00" end="3600.00" id="3009_OffRamp" nVehContrib="5" flow="10.00" occupancy="0.05" speed="28.44" length="5.30" nVehEntered="5"/>
   <interval begin="1800.00" end="3600.00" id="3010_OffRamp" nVehContrib="82" flow="164.00" occupancy="0.73" speed="34.43" length="5.11" nVehEntered="82"/>
   <interval begin="1800.00" end="3600.00" id="3011_OffRamp" nVehContrib="5" flow="10.00" occupancy="0.04" speed="37.07" length="5.20" nVehEntered="6"/>
   <interval begin="1800.00" end="3600.00" id="3012_OffRamp" nVehContrib="0" flow="0.00" occupancy="0.00" speed="-1.00" length="-1.00" nVehEntered="0"/>
   <interval begin="1800.00" end="3600.00" id="3016_OffRamp" nVehContrib="21" flow="42.00" occupancy="0.20" speed="29.49" length="5.17" nVehEntered="21"/>
   <interval begin="1800.00" end="3600.00" id="3017_OffRamp" nVehContrib="42" flow="84.00" occupancy="0.36" speed="34.34" length="5.13" nVehEntered="42"/>
   <interval begin="1800.00" end="3600.00" id="3018_OffRamp" nVehContrib="1" flow="2.00" occupancy="0.01" speed="33.68" length="5.00" nVehEntered="1"/>
   <interval begin="1800.00" end="3600.00" id="3019_OffRamp" nVehContrib="0" flow="0.00" occupancy="0.00" speed="-1.00" length="-1.00" nVehEntered="0"/>
   <interval begin="1800.00" end="3600.00" id="3021_OffRamp" nVehContrib="45" flow="90.00" occupancy="0.44" speed="27.84" length="4.87" nVehEntered="45"/>
   <interval begin="1800.00" end="3600.00" id="3022_OffRamp" nVehContrib="43" flow="86.00" occupancy="0.36" speed="33.91" length="5.01" nVehEntered="43"/>
   <interval begin="1800.00" end="3600.00" id="3023_OffRamp" nVehContrib="2" flow="4.00" occupancy="0.01" speed="36.25" length="4.75" nVehEntered="2"/>
   <interval begin="1800.00" end="3600.00" id="3024_OffRamp" nVehContrib="0" flow="0.00" occupancy="0.00" speed="-1.00" length="-1.00" nVehEntered="0"/>
   <interval begin="1800.00" end="3600.00" id="3027_OffRamp" nVehContrib="20" flow="40.00" occupancy="0.21" speed="27.65" length="5.05" nVehEntered="20"/>
   <interval begin="1800.00" end="3600.00" id="3028_OffRamp" nVehContrib="31" flow="62.00" occupancy="0.25" speed="33.56" length="4.84" nVehEntered="31"/>
   <interval begin="1800.00" end="3600.00" id="3029_OffRamp" nVehContrib="2" flow="4.00" occupancy="0.01" speed="37.88" length="4.75" nVehEntered="2"/>
   <interval begin="1800.00" end="3600.00" id="3030_OffRamp" nVehContrib="12" flow="24.00" occupancy="0.08" speed="39.63" length="4.67" nVehEntered="12"/>
   <interval begin="1800.00" end="3600.00" id="3031_OffRamp" nVehContrib="0" flow="0.00" occupancy="0.00" speed="-1.00" length="-1.00" nVehEntered="0"/>
   <interval begin="1800.00" end="3600.00" id="3032_OffRamp" nVehContrib="66" flow="132.00" occupancy="0.58" speed="32.37" length="5.09" nVehEntered="66"/>
   <interval begin="1800.00" end="3600.00" id="3033_OffRamp" nVehContrib="0" flow="0.00" occupancy="0.00" speed="-1.00" length="-1.00" nVehEntered="0"/>
   <interval begin="1800.00" end="3600.00" id="3034_OffRamp" nVehContrib="0" flow="0.00" occupancy="0.00" speed="-1.00" length="-1.00" nVehEntered="0"/>
   <interval begin="1800.00" end="3600.00" id="3035_OffRamp" nVehContrib="0" flow="0.00" occupancy="0.00" speed="-1.00" length="-1.00" nVehEntered="0"/>
   <interval begin="1800.00" end="3600.00" id="3036_OffRamp" nVehContrib="0" flow="0.00" occupancy="0.00" speed="-1.00" length="-1.00" nVehEntered="0"/>
   <interval begin="1800.00" end="3600.00" id="3037_OffRamp" nVehContrib="0" flow="0.00" occupancy="0.00" speed="-1.00" length="-1.00" nVehEntered="0"/>
   <interval begin="1800.00" end="3600.00" id="3038_OffRamp" nVehContrib="0" flow="0.00" occupancy="0.00" speed="-1.00" length="-1.00" nVehEntered="0"/>
   <interval begin="1800.00" end="3600.00" id="3048_OffRamp" nVehContrib="1" flow="2.00" occupancy="0.01" speed="27.14" length="4.50" nVehEntered="1"/>
   <interval begin="1800.00" end="3600.00" id="3049_OffRamp" nVehContrib="64" flow="128.00" occupancy="0.54" speed="34.20" length="5.11" nVehEntered="64"/>
   <interval begin="1800.00" end="3600.00" id="3050_OffRamp" nVehContrib="5" flow="10.00" occupancy="0.04" speed="40.36" length="5.10" nVehEntered="5"/>
   <interval begin="1800.00" end="3600.00" id="3051_OffRamp" nVehContrib="1" flow="2.00" occupancy="0.01" speed="30.04" length="4.50" nVehEntered="1"/>
   <interval begin="1800.00" end="3600.00" id="3061_OffRamp" nVehContrib="0" flow="0.00" occupancy="0.00" speed="-1.00" length="-1.00" nVehEntered="0"/>
   <interval begin="1800.00" end="3600.00" id="3062_OffRamp" nVehContrib="33" flow="66.00" occupancy="0.27" speed="33.28" length="4.83" nVehEntered="33"/>
   <interval begin="1800.00" end="3600.00" id="3063_OffRamp" nVehContrib="0" flow="0.00" occupancy="0.00" speed="-1.00" length="-1.00" nVehEntered="0"/>
   <interval begin="1800.00" end="3600.00" id="3064_OffRamp" nVehContrib="12" flow="24.00" occupancy="0.08" speed="39.72" length="4.67" nVehEntered="12"/>
   <interval begin="1800.00" end="3600.00" id="3067_OffRamp" nVehContrib="3" flow="6.00" occupancy="0.03" speed="28.41" length="4.83" nVehEntered="3"/>
   <interval begin="1800.00" end="3600.00" id="3068_OffRamp" nVehContrib="0" flow="0.00" occupancy="0.00" speed="-1.00" length="-1.00" nVehEntered="0"/>
   <interval begin="1800.00" end="3600.00" id="3069_OffRamp" nVehContrib="0" flow="0.00" occupancy="0.00" speed="-1.00" length="-1.00" nVehEntered="0"/>
   <interval begin="1800.00" end="3600.00" id="3070_OffRamp" nVehContrib="0" flow="0.00" occupancy="0.00" speed="-1.00" length="-1.00" nVehEntered="0"/>
   <interval begin="1800.00" end="3600.00" id="3091_OffRamp" nVehContrib="1" flow="2.00" occupancy="0.01" speed="28.61" length="5.00" nVehEntered="1"/>
   <interval begin="1800.00" end="3600.00" id="3092_OffRamp" nVehContrib="64" flow="128.00" occupancy="0.54" speed="34.10" length="5.06" nVehEntered="64"/>
   <interval begin="1800.00" end="3600.00" id="3093_OffRamp" nVehContrib="0" flow="0.00" occupancy="0.00" speed="-1.00" length="-1.00" nVehEntered="0"/>
   <interval begin="1800.00" end="3600.00" id="3094_OffRamp" nVehContrib="3" flow="6.00" occupancy="0.02" speed="37.84" length="4.83" nVehEntered="3"/>
   <interval begin="1800.00" end="3600.00" id="3100_OffRamp" nVehContrib="1" flow="2.00" occupancy="0.01" speed="27.89" length="5.00" nVehEntered="1"/>
   <interval begin="1800.00" end="3600.00" id="3101_OffRamp" nVehContrib="39" flow="78.00" occupancy="0.33" speed="34.47" length="5.15" nVehEntered="39"/>
   <interval begin="1800.00" end="3600.00" id="3102_OffRamp" nVehContrib="2" flow="4.00" occupancy="0.02" speed="31.90" length="4.75" nVehEntered="2"/>
   <interval begin="1800.00" end="3600.00" id="3103_OffRamp" nVehContrib="0" flow="0.00" occupancy="0.00" speed="-1.00" length="-1.00" nVehEntered="0"/>
   <interval begin="1800.00" end="3600.00" id="3104_OffRamp" nVehContrib="51" flow="102.00" occupancy="0.59" speed="27.23" length="5.10" nVehEntered="51"/>
   <interval begin="1800.00" end="3600.00" id="3105_OffRamp" nVehContrib="32" flow="64.00" occupancy="0.26" speed="35.30" length="5.09" nVehEntered="32"/>
   <interval begin="1800.00" end="3600.00" id="3106_OffRamp" nVehContrib="4" flow="8.00" occupancy="0.04" speed="33.67" length="5.50" nVehEntered="4"/>
   <interval begin="1800.00" end="3600.00" id="3107_OffRamp" nVehContrib="1" flow="2.00" occupancy="0.01" speed="40.09" length="4.50" nVehEntered="1"/>
   <interval begin="1800.00" end="3600.00" id="3137_OffRamp" nVehContrib="0" flow="0.00" occupancy="0.00" speed="-1.00" length="-1.00" nVehEntered="0"/>
   <interval begin="1800.00" end="3600.00" id="3138_OffRamp" nVehContrib="3" flow="6.00" occupancy="0.03" speed="31.36" length="5.50" nVehEntered="3"/>
   <interval begin="1800.00" end="3600.00" id="3139_OffRamp" nVehContrib="0" flow="0.00" occupancy="0.00" speed="-1.00" length="-1.00" nVehEntered="0"/>
   <interval begin="1800.00" end="3600.00" id="3140_OffRamp" nVehContrib="0" flow="0.00" occupancy="0.00" speed="-1.00" length="-1.00" nVehEntered="0"/>
   <interval begin="3600.00" end="5400.00" id="2864_OffRamp" nVehContrib="0" flow="0.00" occupancy="0.00" speed="-1.00" length="-1.00" nVehEntered="0"/>
   <interval begin="3600.00" end="5400.00" id="2865_OffRamp" nVehContrib="117" flow="234.00" occupancy="1.01" speed="32.47" length="5.02" nVehEntered="117"/>
   <interval begin="3600.00" end="5400.00" id="2866_OffRamp" nVehContrib="4" flow="8.00" occupancy="0.04" speed="32.58" length="5.25" nVehEntered="4"/>
   <interval begin="3600.00" end="5400.00" id="2867_OffRamp" nVehContrib="9" flow="18.00" occupancy="0.07" speed="34.60" length="4.67" nVehEntered="9"/>
   <interval begin="3600.00" end="5400.00" id="2871_OffRamp" nVehContrib="2" flow="4.00" occupancy="0.02" speed="31.19" length="5.25" nVehEntered="2"/>
   <interval begin="3600.00" end="5400.00" id="2872_OffRamp" nVehContrib="66" flow="132.00" occupancy="0.53" speed="34.05" length="4.86" nVehEntered="66"/>
   <interval begin="3600.00" end="5400.00" id="2873_OffRamp" nVehContrib="7" flow="14.00" occupancy="0.05" speed="38.49" length="4.57" nVehEntered="7"/>
   <interval begin="3600.00" end="5400.00" id="2874_OffRamp" nVehContrib="29" flow="58.00" occupancy="0.25" speed="34.89" length="5.24" nVehEntered="29"/>
   <interval begin="3600.00" end="5400.00" id="2876_OffRamp" nVehContrib="16" flow="32.00" occupancy="0.17" speed="25.75" length="4.88" nVehEntered="16"/>
   <interval begin="3600.00" end="5400.00" id="2877_OffRamp" nVehContrib="1" flow="2.00" occupancy="0.01" speed="32.39" length="6.00" nVehEntered="1"/>
   <interval begin="3600.00" end="5400.00" id="2878_OffRamp" nVehContrib="0" flow="0.00" occupancy="0.00" speed="-1.00" length="-1.00" nVehEntered="0"/>
   <interval begin="3600.00" end="5400.00" id="2879_OffRamp" nVehContrib="0" flow="0.00" occupancy="0.00" speed="-1.00" length="-1.00" nVehEntered="0"/>
   <interval begin="3600.00" end="5400.00" id="2880_OffRamp" nVehContrib="2" flow="4.00" occupancy="0.02" speed="29.29" length="4.50" nVehEntered="2"/>
   <interval begin="3600.00" end="5400.00" id="2881_OffRamp" nVehContrib="71" flow="142.00" occupancy="0.58" speed="34.34" length="4.94" nVehEntered="71"/>
   <interval begin="3600.00" end="5400.00" id="2882_OffRamp" nVehContrib="2" flow="4.00" occupancy="0.02" speed="36.28" length="5.00" nVehEntered="2"/>
   <interval begin="3600.00" end="5400.00" id="2883_OffRamp" nVehContrib="27" flow="54.00" occupancy="0.20" speed="36.97" length="4.78" nVehEntered="27"/>
   <interval begin="3600.00" end="5400.00" id="2887_OffRamp" nVehContrib="0" flow="0.00" occupancy="0.00" speed="-1.00" length="-1.00" nVehEntered="0"/>
   <interval begin="3600.00" end="5400.00" id="2888_OffRamp" nVehContrib="85" flow="170.00" occupancy="0.73" speed="33.18" length="5.06" nVehEntered="85"/>
   <interval begin="3600.00" end="5400.00" id="2889_OffRamp" nVehContrib="10" flow="20.00" occupancy="0.08" speed="35.37" length="5.05" nVehEntered="10"/>
   <interval begin="3600.00" end="5400.00" id="2890_OffRamp" nVehContrib="20" flow="40.00" occupancy="0.14" speed="38.59" length="4.80" nVehEntered="20"/>
   <interval begin="3600.00" end="5400.00" id="2891_OffRamp" nVehContrib="13" flow="26.00" occupancy="0.13" speed="28.08" length="4.92" nVehEntered="13"/>
   <interval begin="3600.00" end="5400.00" id="2892_OffRamp" nVehContrib="80" flow="160.00" occupancy="0.65" speed="34.35" length="4.92" nVehEntered="80"/>
   <interval begin="3600.00" end="5400.00" id="2893_OffRamp" nVehContrib="7" flow="14.00" occupancy="0.06" speed="34.62" length="4.93" nVehEntered="7"/>
   <interval begin="3600.00" end="5400.00" id="2894_OffRamp" nVehContrib="21" flow="42.00" occupancy="0.15" speed="37.38" length="4.74" nVehEntered="21"/>
   <interval begin="3600.00" end="5400.00" id="2895_OffRamp" nVehContrib="0" flow="0.00" occupancy="0.00" speed="-1.00" length="-1.00" nVehEntered="0"/>
   <interval begin="3600.00" end="5400.00" id="2896_OffRamp" nVehContrib="0" flow="0.00" occupancy="0.00" speed="-1.00" length="-1.00" nVehEntered="0"/>
   <interval begin="3600.00" end="5400.00" id="2897_OffRamp" nVehContrib="1" flow="2.00" occupancy="0.01" speed="33.96" length="6.00" nVehEntered="1"/>
   <interval begin="3600.00" end="5400.00" id="2898_OffRamp" nVehContrib="0" flow="0.00" occupancy="0.00" speed="-1.00" length="-1.00" nVehEntered="0"/>
   <interval begin="3600.00" end="5400.00" id="2916_OffRamp" nVehContrib="0" flow="0.00" occupancy="0.00" speed="-1.00" length="-1.00" nVehEntered="0"/>
   <interval begin="3600.00" end="5400.00" id="2917_OffRamp" nVehContrib="70" flow="140.00" occupancy="0.63" speed="32.34" length="5.11" nVehEntered="70"/>
   <interval begin="3600.00" end="5400.00" id="2918_OffRamp" nVehContrib="7" flow="14.00" occupancy="0.05" speed="35.39" length="4.64" nVehEntered="7"/>
   <interval begin="3600.00" end="5400.00" id="2919_OffRamp" nVehContrib="39" flow="78.00" occupancy="0.29" speed="37.33" length="4.88" nVehEntered="39"/>
   <interval begin="3600.00" end="5400.00" id="2920_OffRamp" nVehContrib="106" flow="212.00" occupancy="1.08" speed="27.15" length="4.95" nVehEntered="106"/>
   <interval begin="3600.00" end="5400.00" id="2921_OffRamp" nVehContrib="1" flow="2.00" occupancy="0.01" speed="33.51" length="6.00" nVehEntered="1"/>
   <interval begin="3600.00" end="5400.00" id="2922_OffRamp" nVehContrib="0" flow="0.00" occupancy="0.00" speed="-1.00" length="-1.00" nVehEntered="0"/>
   <interval begin="3600.00" end="5400.00" id="2923_OffRamp" nVehContrib="0" flow="0.00" occupancy="0.00" speed="-1.00" length="-1.00" nVehEntered="0"/>
   <interval begin="3600.00" end="5400.00" id="2935_OffRamp" nVehContrib="1" flow="2.00" occupancy="0.01" speed="28.16" length="5.00" nVehEntered="1"/>
   <interval begin="3600.00" end="5400.00" id="2936_OffRamp" nVehContrib="79" flow="158.00" occupancy="0.62" speed="34.65" length="4.84" nVehEntered="79"/>
   <interval begin="3600.00" end="5400.00" id="2937_OffRamp" nVehContrib="11" flow="22.00" occupancy="0.11" speed="31.68" length="5.64" nVehEntered="14"/>
   <interval begin="3600.00" end="5400.00" id="2938_OffRamp" nVehContrib="15" flow="30.00" occupancy="0.27" speed="30.86" length="5.07" nVehEntered="15"/>
   <interval begin="3600.00" end="5400.00" id="2952_OffRamp" nVehContrib="17" flow="34.00" occupancy="0.16" speed="28.44" length="4.88" nVehEntered="17"/>
   <interval begin="3600.00" end="5400.00" id="2953_OffRamp" nVehContrib="71" flow="142.00" occupancy="0.58" speed="34.51" length="4.97" nVehEntered="71"/>
   <interval begin="3600.00" end="5400.00" id="2954_OffRamp" nVehContrib="0" flow="0.00" occupancy="0.00" speed="-1.00" length="-1.00" nVehEntered="0"/>
   <interval begin="3600.00" end="5400.00" id="2955_OffRamp" nVehContrib="1" flow="2.00" occupancy="0.01" speed="38.72" length="6.00" nVehEntered="1"/>
   <interval begin="3600.00" end="5400.00" id="2956_OffRamp" nVehContrib="114" flow="228.00" occupancy="1.21" speed="26.03" length="4.93" nVehEntered="114"/>
   <interval begin="3600.00" end="5400.00" id="2957_OffRamp" nVehContrib="0" flow="0.00" occupancy="0.00" speed="-1.00" length="-1.00" nVehEntered="0"/>
   <interval begin="3600.00" end="5400.00" id="2958_OffRamp" nVehContrib="0" flow="0.00" occupancy="0.00" speed="-1.00" length="-1.00" nVehEntered="0"/>
   <interval begin="3600.00" end="5400.00" id="2959_OffRamp" nVehContrib="0" flow="0.00" occupancy="0.00" speed="-1.00" length="-1.00" nVehEntered="0"/>
   <interval begin="3600.00" end="5400.00" id="2996_OffRamp" nVehContrib="0" flow="0.00" occupancy="0.00" speed="-1.00" length="-1.00" nVehEntered="0"/>
   <interval begin="3600.00" end="5400.00" id="2997_OffRamp" nVehContrib="108" flow="216.00" occupancy="0.91" speed="34.04" length="5.05" nVehEntered="108"/>
   <interval begin="3600.00" end="5400.00" id="2998_OffRamp" nVehContrib="12" flow="24.00" occupancy="0.08" speed="38.05" length="4.62" nVehEntered="12"/>
   <interval begin="3600.00" end="5400.00" id="2999_OffRamp" nVehContrib="0" flow="0.00" occupancy="0.00" speed="-1.00" length="-1.00" nVehEntered="0"/>
   <interval begin="3600.00" end="5400.00" id="3005_OffRamp" nVehContrib="2" flow="4.00" occupancy="0.02" speed="28.83" length="4.75" nVehEntered="2"/>
   <interval begin="3600.00" end="5400.00" id="3006_OffRamp" nVehContrib="57" flow="114.00" occupancy="0.47" speed="33.55" length="4.94" nVehEntered="57"/>
   <interval begin="3600.00" end="5400.00" id="3007_OffRamp" nVehContrib="9" flow="18.00" occupancy="0.06" speed="39.08" length="4.72" nVehEntered="9"/>
   <interval begin="3600.00" end="5400.00" id="3008_OffRamp" nVehContrib="30" flow="60.00" occupancy="0.22" speed="36.84" length="4.77" nVehEntered="30"/>
   <interval begin="3600.00" end="5400.00" id="3009_OffRamp" nVehContrib="1" flow="2.00" occupancy="0.01" speed="29.30" length="5.00" nVehEntered="1"/>
   <interval begin="3600.00" end="5400.00" id="3010_OffRamp" nVehContrib="148" flow="296.00" occupancy="1.23" speed="33.98" length="4.99" nVehEntered="148"/>
   <interval begin="3600.00" end="5400.00" id="3011_OffRamp" nVehContrib="16" flow="32.00" occupancy="0.11" speed="36.59" length="4.62" nVehEntered="16"/>
   <interval begin="3600.00" end="5400.00" id="3012_OffRamp" nVehContrib="5" flow="10.00" occupancy="0.03" speed="39.60" length="4.90" nVehEntered="5"/>
   <interval begin="3600.00" end="5400.00" id="3016_OffRamp" nVehContrib="44" flow="88.00" occupancy="0.42" speed="29.92" length="5.03" nVehEntered="44"/>
   <interval begin="3600.00" end="5400.00" id="3017_OffRamp" nVehContrib="75" flow="150.00" occupancy="0.61" speed="34.41" length="4.93" nVehEntered="75"/>
   <interval begin="3600.00" end="5400.00" id="3018_OffRamp" nVehContrib="9" flow="18.00" occupancy="0.06" speed="36.43" length="4.56" nVehEntered="9"/>
   <interval begin="3600.00" end="5400.00" id="3019_OffRamp" nVehContrib="1" flow="2.00" occupancy="0.01" speed="42.10" length="5.00" nVehEntered="1"/>
   <interval begin="3600.00" end="5400.00" id="3021_OffRamp" nVehContrib="77" flow="154.00" occupancy="0.78" speed="27.75" length="5.02" nVehEntered="77"/>
   <interval begin="3600.00" end="5400.00" id="3022_OffRamp" nVehContrib="78" flow="156.00" occupancy="0.64" speed="34.09" length="4.90" nVehEntered="78"/>
   <interval begin="3600.00" end="5400.00" id="3023_OffRamp" nVehContrib="11" flow="22.00" occupancy="0.09" speed="37.75" length="5.27" nVehEntered="11"/>
   <interval begin="3600.00" end="5400.00" id="3024_OffRamp" nVehContrib="1" flow="2.00" occupancy="0.01" speed="38.32" length="6.00" nVehEntered="1"/>
   <interval begin="3600.00" end="5400.00" id="3027_OffRamp" nVehContrib="31" flow="62.00" occupancy="0.32" speed="27.46" length="5.03" nVehEntered="31"/>
   <interval begin="3600.00" end="5400.00" id="3028_OffRamp" nVehContrib="62" flow="124.00" occupancy="0.53" speed="33.19" length="5.03" nVehEntered="62"/>
   <interval begin="3600.00" end="5400.00" id="3029_OffRamp" nVehContrib="6" flow="12.00" occupancy="0.05" speed="35.26" length="4.75" nVehEntered="6"/>
   <interval begin="3600.00" end="5400.00" id="3030_OffRamp" nVehContrib="29" flow="58.00" occupancy="0.21" speed="37.43" length="4.93" nVehEntered="29"/>
   <interval begin="3600.00" end="5400.00" id="3031_OffRamp" nVehContrib="0" flow="0.00" occupancy="0.00" speed="-1.00" length="-1.00" nVehEntered="0"/>
   <interval begin="3600.00" end="5400.00" id="3032_OffRamp" nVehContrib="107" flow="214.00" occupancy="0.91" speed="32.73" length="4.97" nVehEntered="107"/>
   <interval begin="3600.00" end="5400.00" id="3033_OffRamp" nVehContrib="2" flow="4.00" occupancy="0.02" speed="32.02" length="4.50" nVehEntered="2"/>
   <interval begin="3600.00" end="5400.00" id="3034_OffRamp" nVehContrib="0" flow="0.00" occupancy="0.00" speed="-1.00" length="-1.00" nVehEntered="0"/>
   <interval begin="3600.00" end="5400.00" id="3035_OffRamp" nVehContrib="1" flow="2.00" occupancy="0.01" speed="26.39" length="6.00" nVehEntered="1"/>
   <interval begin="3600.00" end="5400.00" id="3036_OffRamp" nVehContrib="0" flow="0.00" occupancy="0.00" speed="-1.00" length="-1.00" nVehEntered="0"/>
   <interval begin="3600.00" end="5400.00" id="3037_OffRamp" nVehContrib="0" flow="0.00" occupancy="0.00" speed="-1.00" length="-1.00" nVehEntered="0"/>
   <interval begin="3600.00" end="5400.00" id="3038_OffRamp" nVehContrib="0" flow="0.00" occupancy="0.00" speed="-1.00" length="-1.00" nVehEntered="0"/>
   <interval begin="3600.00" end="5400.00" id="3048_OffRamp" nVehContrib="1" flow="2.00" occupancy="0.01" speed="29.22" length="4.50" nVehEntered="1"/>
   <interval begin="3600.00" end="5400.00" id="3049_OffRamp" nVehContrib="81" flow="162.00" occupancy="0.70" speed="33.01" length="5.07" nVehEntered="81"/>
   <interval begin="3600.00" end="5400.00" id="3050_OffRamp" nVehContrib="16" flow="32.00" occupancy="0.12" speed="35.96" length="4.88" nVehEntered="16"/>
   <interval begin="3600.00" end="5400.00" id="3051_OffRamp" nVehContrib="1" flow="2.00" occupancy="0.01" speed="37.81" length="4.50" nVehEntered="1"/>
   <interval begin="3600.00" end="5400.00" id="3061_OffRamp" nVehContrib="0" flow="0.00" occupancy="0.00" speed="-1.00" length="-1.00" nVehEntered="0"/>
   <interval begin="3600.00" end="5400.00" id="3062_OffRamp" nVehContrib="65" flow="130.00" occupancy="0.55" speed="33.38" length="5.01" nVehEntered="65"/>
   <interval begin="3600.00" end="5400.00" id="3063_OffRamp" nVehContrib="2" flow="4.00" occupancy="0.02" speed="30.83" length="4.75" nVehEntered="2"/>
   <interval begin="3600.00" end="5400.00" id="3064_OffRamp" nVehContrib="27" flow="54.00" occupancy="0.20" speed="37.56" length="4.91" nVehEntered="27"/>
   <interval begin="3600.00" end="5400.00" id="3067_OffRamp" nVehContrib="2" flow="4.00" occupancy="0.02" speed="26.73" length="4.75" nVehEntered="2"/>
   <interval begin="3600.00" end="5400.00" id="3068_OffRamp" nVehContrib="0" flow="0.00" occupancy="0.00" speed="-1.00" length="-1.00" nVehEntered="0"/>
   <interval begin="3600.00" end="5400.00" id="3069_OffRamp" nVehContrib="2" flow="4.00" occupancy="0.01" speed="37.42" length="4.50" nVehEntered="2"/>
   <interval begin="3600.00" end="5400.00" id="3070_OffRamp" nVehContrib="0" flow="0.00" occupancy="0.00" speed="-1.00" length="-1.00" nVehEntered="0"/>
   <interval begin="3600.00" end="5400.00" id="3091_OffRamp" nVehContrib="0" flow="0.00" occupancy="0.00" speed="-1.00" length="-1.00" nVehEntered="0"/>
   <interval begin="3600.00" end="5400.00" id="3092_OffRamp" nVehContrib="102" flow="204.00" occupancy="0.84" speed="34.25" length="5.00" nVehEntered="102"/>
   <interval begin="3600.00" end="5400.00" id="3093_OffRamp" nVehContrib="3" flow="6.00" occupancy="0.02" speed="34.91" length="4.83" nVehEntered="3"/>
   <interval begin="3600.00" end="5400.00" id="3094_OffRamp" nVehContrib="24" flow="48.00" occupancy="0.18" speed="36.79" length="4.85" nVehEntered="24"/>
   <interval begin="3600.00" end="5400.00" id="3100_OffRamp" nVehContrib="6" flow="12.00" occupancy="0.06" speed="28.67" length="4.92" nVehEntered="6"/>
   <interval begin="3600.00" end="5400.00" id="3101_OffRamp" nVehContrib="71" flow="142.00" occupancy="0.57" speed="34.43" length="4.91" nVehEntered="71"/>
   <interval begin="3600.00" end="5400.00" id="3102_OffRamp" nVehContrib="8" flow="16.00" occupancy="0.06" speed="36.59" length="4.69" nVehEntered="8"/>
   <interval begin="3600.00" end="5400.00" id="3103_OffRamp" nVehContrib="1" flow="2.00" occupancy="0.01" speed="41.27" length="5.00" nVehEntered="1"/>
   <interval begin="3600.00" end="5400.00" id="3104_OffRamp" nVehContrib="75" flow="150.00" occupancy="0.79" speed="27.10" length="5.07" nVehEntered="75"/>
   <interval begin="3600.00" end="5400.00" id="3105_OffRamp" nVehContrib="76" flow="152.00" occupancy="0.60" speed="34.90" length="4.91" nVehEntered="76"/>
   <interval begin="3600.00" end="5400.00" id="3106_OffRamp" nVehContrib="9" flow="18.00" occupancy="0.07" speed="35.39" length="4.61" nVehEntered="9"/>
   <interval begin="3600.00" end="5400.00" id="3107_OffRamp" nVehContrib="9" flow="18.00" occupancy="0.06" speed="40.03" length="4.78" nVehEntered="9"/>
   <interval begin="3600.00" end="5400.00" id="3137_OffRamp" nVehContrib="2" flow="4.00" occupancy="0.02" speed="27.60" length="5.00" nVehEntered="2"/>
   <interval begin="3600.00" end="5400.00" id="3138_OffRamp" nVehContrib="17" flow="34.00" occupancy="0.15" speed="30.31" length="4.94" nVehEntered="17"/>
   <interval begin="3600.00" end="5400.00" id="3139_OffRamp" nVehContrib="1" flow="2.00" occupancy="0.01" speed="24.25" length="4.50" nVehEntered="1"/>
   <interval begin="3600.00" end="5400.00" id="3140_OffRamp" nVehContrib="0" flow="0.00" occupancy="0.00" speed="-1.00" length="-1.00" nVehEntered="0"/>
   <interval begin="5400.00" end="7200.00" id="2864_OffRamp" nVehContrib="0" flow="0.00" occupancy="0.00" speed="-1.00" length="-1.00" nVehEntered="0"/>
   <interval begin="5400.00" end="7200.00" id="2865_OffRamp" nVehContrib="133" flow="266.00" occupancy="1.15" speed="32.63" length="5.04" nVehEntered="133"/>
   <interval begin="5400.00" end="7200.00" id="2866_OffRamp" nVehContrib="2" flow="4.00" occupancy="0.02" speed="31.60" length="5.00" nVehEntered="3"/>
   <interval begin="5400.00" end="7200.00" id="2867_OffRamp" nVehContrib="8" flow="16.00" occupancy="0.12" speed="29.46" length="4.62" nVehEntered="8"/>
   <interval begin="5400.00" end="7200.00" id="2871_OffRamp" nVehContrib="1" flow="2.00" occupancy="0.01" speed="29.17" length="5.00" nVehEntered="2"/>
   <interval begin="5400.00" end="7200.00" id="2872_OffRamp" nVehContrib="85" flow="170.00" occupancy="0.72" speed="33.91" length="5.08" nVehEntered="85"/>
   <interval begin="5400.00" end="7200.00" id="2873_OffRamp" nVehContrib="8" flow="16.00" occupancy="0.06" speed="37.94" length="4.81" nVehEntered="8"/>
   <interval begin="5400.00" end="7200.00" id="2874_OffRamp" nVehContrib="39" flow="78.00" occupancy="0.31" speed="34.46" length="4.92" nVehEntered="39"/>
   <interval begin="5400.00" end="7200.00" id="2876_OffRamp" nVehContrib="4" flow="8.00" occupancy="0.04" speed="27.08" length="4.88" nVehEntered="4"/>
   <interval begin="5400.00" end="7200.00" id="2877_OffRamp" nVehContrib="0" flow="0.00" occupancy="0.00" speed="-1.00" length="-1.00" nVehEntered="0"/>
   <interval begin="5400.00" end="7200.00" id="2878_OffRamp" nVehContrib="0" flow="0.00" occupancy="0.00" speed="-1.00" length="-1.00" nVehEntered="0"/>
   <interval begin="5400.00" end="7200.00" id="2879_OffRamp" nVehContrib="0" flow="0.00" occupancy="0.00" speed="-1.00" length="-1.00" nVehEntered="0"/>
   <interval begin="5400.00" end="7200.00" id="2880_OffRamp" nVehContrib="2" flow="4.00" occupancy="0.02" speed="29.82" length="4.75" nVehEntered="2"/>
   <interval begin="5400.00" end="7200.00" id="2881_OffRamp" nVehContrib="81" flow="162.00" occupancy="0.69" speed="33.73" length="5.06" nVehEntered="81"/>
   <interval begin="5400.00" end="7200.00" id="2882_OffRamp" nVehContrib="7" flow="14.00" occupancy="0.05" speed="37.34" length="4.93" nVehEntered="7"/>
   <interval begin="5400.00" end="7200.00" id="2883_OffRamp" nVehContrib="36" flow="72.00" occupancy="0.28" speed="36.02" length="4.97" nVehEntered="36"/>
   <interval begin="5400.00" end="7200.00" id="2887_OffRamp" nVehContrib="0" flow="0.00" occupancy="0.00" speed="-1.00" length="-1.00" nVehEntered="0"/>
   <interval begin="5400.00" end="7200.00" id="2888_OffRamp" nVehContrib="79" flow="158.00" occupancy="0.70" speed="33.13" length="5.22" nVehEntered="79"/>
   <interval begin="5400.00" end="7200.00" id="2889_OffRamp" nVehContrib="7" flow="14.00" occupancy="0.05" speed="37.08" length="4.71" nVehEntered="7"/>
   <interval begin="5400.00" end="7200.00" id="2890_OffRamp" nVehContrib="34" flow="68.00" occupancy="0.25" speed="37.85" length="4.91" nVehEntered="34"/>
   <interval begin="5400.00" end="7200.00" id="2891_OffRamp" nVehContrib="9" flow="18.00" occupancy="0.09" speed="28.05" length="4.89" nVehEntered="9"/>
   <interval begin="5400.00" end="7200.00" id="2892_OffRamp" nVehContrib="92" flow="184.00" occupancy="0.77" speed="34.27" length="5.05" nVehEntered="92"/>
   <interval begin="5400.00" end="7200.00" id="2893_OffRamp" nVehContrib="8" flow="16.00" occupancy="0.07" speed="33.69" length="5.25" nVehEntered="8"/>
   <interval begin="5400.00" end="7200.00" id="2894_OffRamp" nVehContrib="21" flow="42.00" occupancy="0.15" speed="36.92" length="4.86" nVehEntered="21"/>
   <interval begin="5400.00" end="7200.00" id="2895_OffRamp" nVehContrib="4" flow="8.00" occupancy="0.04" speed="27.31" length="4.88" nVehEntered="4"/>
   <interval begin="5400.00" end="7200.00" id="2896_OffRamp" nVehContrib="1" flow="2.00" occupancy="0.01" speed="36.39" length="5.00" nVehEntered="1"/>
   <interval begin="5400.00" end="7200.00" id="2897_OffRamp" nVehContrib="0" flow="0.00" occupancy="0.00" speed="-1.00" length="-1.00" nVehEntered="0"/>
   <interval begin="5400.00" end="7200.00" id="2898_OffRamp" nVehContrib="0" flow="0.00" occupancy="0.00" speed="-1.00" length="-1.00" nVehEntered="0"/>
   <interval begin="5400.00" end="7200.00" id="2916_OffRamp" nVehContrib="0" flow="0.00" occupancy="0.00" speed="-1.00" length="-1.00" nVehEntered="0"/>
   <interval begin="5400.00" end="7200.00" id="2917_OffRamp" nVehContrib="74" flow="148.00" occupancy="0.67" speed="32.70" length="5.24" nVehEntered="74"/>
   <interval begin="5400.00" end="7200.00" id="2918_OffRamp" nVehContrib="5" flow="10.00" occupancy="0.04" speed="37.31" length="4.90" nVehEntered="5"/>
   <interval begin="5400.00" end="7200.00" id="2919_OffRamp" nVehContrib="40" flow="80.00" occupancy="0.29" speed="37.34" length="4.90" nVehEntered="40"/>
   <interval begin="5400.00" end="7200.00" id="2920_OffRamp" nVehContrib="123" flow="246.00" occupancy="1.30" speed="26.84" length="5.06" nVehEntered="123"/>
   <interval begin="5400.00" end="7200.00" id="2921_OffRamp" nVehContrib="0" flow="0.00" occupancy="0.00" speed="-1.00" length="-1.00" nVehEntered="0"/>
   <interval begin="5400.00" end="7200.00" id="2922_OffRamp" nVehContrib="0" flow="0.00" occupancy="0.00" speed="-1.00" length="-1.00" nVehEntered="0"/>
   <interval begin="5400.00" end="7200.00" id="2923_OffRamp" nVehContrib="0" flow="0.00" occupancy="0.00" speed="-1.00" length="-1.00" nVehEntered="0"/>
   <interval begin="5400.00" end="7200.00" id="2935_OffRamp" nVehContrib="2" flow="4.00" occupancy="0.02" speed="26.64" length="4.50" nVehEntered="2"/>
   <interval begin="5400.00" end="7200.00" id="2936_OffRamp" nVehContrib="101" flow="202.00" occupancy="0.84" speed="34.38" length="5.05" nVehEntered="102"/>
   <interval begin="5400.00" end="7200.00" id="2937_OffRamp" nVehContrib="18" flow="36.00" occupancy="0.20" speed="31.86" length="5.03" nVehEntered="18"/>
   <interval begin="5400.00" end="7200.00" id="2938_OffRamp" nVehContrib="16" flow="32.00" occupancy="0.12" speed="36.78" length="4.94" nVehEntered="16"/>
   <interval begin="5400.00" end="7200.00" id="2952_OffRamp" nVehContrib="11" flow="22.00" occupancy="0.10" speed="29.23" length="4.86" nVehEntered="11"/>
   <interval begin="5400.00" end="7200.00" id="2953_OffRamp" nVehContrib="84" flow="168.00" occupancy="0.70" speed="34.33" length="5.07" nVehEntered="84"/>
   <interval begin="5400.00" end="7200.00" id="2954_OffRamp" nVehContrib="9" flow="18.00" occupancy="0.06" speed="37.25" length="4.67" nVehEntered="9"/>
   <interval begin="5400.00" end="7200.00" id="2955_OffRamp" nVehContrib="1" flow="2.00" occupancy="0.01" speed="42.90" length="5.00" nVehEntered="1"/>
   <interval begin="5400.00" end="7200.00" id="2956_OffRamp" nVehContrib="123" flow="246.00" occupancy="1.36" speed="25.35" length="5.02" nVehEntered="123"/>
   <interval begin="5400.00" end="7200.00" id="2957_OffRamp" nVehContrib="0" flow="0.00" occupancy="0.00" speed="-1.00" length="-1.00" nVehEntered="0"/>
   <interval begin="5400.00" end="7200.00" id="2958_OffRamp" nVehContrib="0" flow="0.00" occupancy="0.00" speed="-1.00" length="-1.00" nVehEntered="0"/>
   <interval begin="5400.00" end="7200.00" id="2959_OffRamp" nVehContrib="0" flow="0.00" occupancy="0.00" speed="-1.00" length="-1.00" nVehEntered="0"/>
   <interval begin="5400.00" end="7200.00" id="2996_OffRamp" nVehContrib="0" flow="0.00" occupancy="0.00" speed="-1.00" length="-1.00" nVehEntered="0"/>
   <interval begin="5400.00" end="7200.00" id="2997_OffRamp" nVehContrib="99" flow="198.00" occupancy="0.85" speed="34.13" length="5.17" nVehEntered="99"/>
   <interval begin="5400.00" end="7200.00" id="2998_OffRamp" nVehContrib="15" flow="30.00" occupancy="0.11" speed="37.36" length="4.90" nVehEntered="15"/>
   <interval begin="5400.00" end="7200.00" id="2999_OffRamp" nVehContrib="3" flow="6.00" occupancy="0.02" speed="39.92" length="4.67" nVehEntered="3"/>
   <interval begin="5400.00" end="7200.00" id="3005_OffRamp" nVehContrib="0" flow="0.00" occupancy="0.00" speed="-1.00" length="-1.00" nVehEntered="0"/>
   <interval begin="5400.00" end="7200.00" id="3006_OffRamp" nVehContrib="69" flow="138.00" occupancy="0.60" speed="33.00" length="5.13" nVehEntered="69"/>
   <interval begin="5400.00" end="7200.00" id="3007_OffRamp" nVehContrib="12" flow="24.00" occupancy="0.09" speed="37.40" length="4.79" nVehEntered="12"/>
   <interval begin="5400.00" end="7200.00" id="3008_OffRamp" nVehContrib="47" flow="94.00" occupancy="0.36" speed="36.00" length="4.97" nVehEntered="47"/>
   <interval begin="5400.00" end="7200.00" id="3009_OffRamp" nVehContrib="3" flow="6.00" occupancy="0.03" speed="26.41" length="5.00" nVehEntered="3"/>
   <interval begin="5400.00" end="7200.00" id="3010_OffRamp" nVehContrib="159" flow="318.00" occupancy="1.29" speed="34.73" length="5.00" nVehEntered="159"/>
   <interval begin="5400.00" end="7200.00" id="3011_OffRamp" nVehContrib="13" flow="26.00" occupancy="0.10" speed="37.41" length="4.96" nVehEntered="13"/>
   <interval begin="5400.00" end="7200.00" id="3012_OffRamp" nVehContrib="2" flow="4.00" occupancy="0.01" speed="37.69" length="4.50" nVehEntered="2"/>
   <interval begin="5400.00" end="7200.00" id="3016_OffRamp" nVehContrib="61" flow="122.00" occupancy="0.61" speed="28.64" length="5.07" nVehEntered="61"/>
   <interval begin="5400.00" end="7200.00" id="3017_OffRamp" nVehContrib="80" flow="160.00" occupancy="0.70" speed="34.62" length="5.04" nVehEntered="80"/>
   <interval begin="5400.00" end="7200.00" id="3018_OffRamp" nVehContrib="9" flow="18.00" occupancy="0.07" speed="36.69" length="5.06" nVehEntered="10"/>
   <interval begin="5400.00" end="7200.00" id="3019_OffRamp" nVehContrib="0" flow="0.00" occupancy="0.00" speed="-1.00" length="-1.00" nVehEntered="0"/>
   <interval begin="5400.00" end="7200.00" id="3021_OffRamp" nVehContrib="89" flow="178.00" occupancy="0.91" speed="27.75" length="5.10" nVehEntered="89"/>
   <interval begin="5400.00" end="7200.00" id="3022_OffRamp" nVehContrib="84" flow="168.00" occupancy="0.76" speed="33.82" length="5.07" nVehEntered="84"/>
   <interval begin="5400.00" end="7200.00" id="3023_OffRamp" nVehContrib="19" flow="38.00" occupancy="0.14" speed="37.34" length="4.76" nVehEntered="20"/>
   <interval begin="5400.00" end="7200.00" id="3024_OffRamp" nVehContrib="1" flow="2.00" occupancy="0.01" speed="42.16" length="5.00" nVehEntered="1"/>
   <interval begin="5400.00" end="7200.00" id="3027_OffRamp" nVehContrib="34" flow="68.00" occupancy="0.36" speed="27.40" length="5.19" nVehEntered="34"/>
   <interval begin="5400.00" end="7200.00" id="3028_OffRamp" nVehContrib="60" flow="120.00" occupancy="0.52" speed="33.60" length="5.18" nVehEntered="60"/>
   <interval begin="5400.00" end="7200.00" id="3029_OffRamp" nVehContrib="9" flow="18.00" occupancy="0.07" speed="36.19" length="4.94" nVehEntered="9"/>
   <interval begin="5400.00" end="7200.00" id="3030_OffRamp" nVehContrib="26" flow="52.00" occupancy="0.19" speed="37.62" length="4.85" nVehEntered="26"/>
   <interval begin="5400.00" end="7200.00" id="3031_OffRamp" nVehContrib="0" flow="0.00" occupancy="0.00" speed="-1.00" length="-1.00" nVehEntered="0"/>
   <interval begin="5400.00" end="7200.00" id="3032_OffRamp" nVehContrib="119" flow="238.00" occupancy="1.04" speed="32.57" length="5.06" nVehEntered="119"/>
   <interval begin="5400.00" end="7200.00" id="3033_OffRamp" nVehContrib="1" flow="2.00" occupancy="0.01" speed="31.61" length="4.50" nVehEntered="1"/>
   <interval begin="5400.00" end="7200.00" id="3034_OffRamp" nVehContrib="0" flow="0.00" occupancy="0.00" speed="-1.00" length="-1.00" nVehEntered="0"/>
   <interval begin="5400.00" end="7200.00" id="3035_OffRamp" nVehContrib="1" flow="2.00" occupancy="0.01" speed="28.56" length="4.50" nVehEntered="1"/>
   <interval begin="5400.00" end="7200.00" id="3036_OffRamp" nVehContrib="0" flow="0.00" occupancy="0.00" speed="-1.00" length="-1.00" nVehEntered="0"/>
   <interval begin="5400.00" end="7200.00" id="3037_OffRamp" nVehContrib="0" flow="0.00" occupancy="0.00" speed="-1.00" length="-1.00" nVehEntered="0"/>
   <interval begin="5400.00" end="7200.00" id="3038_OffRamp" nVehContrib="0" flow="0.00" occupancy="0.00" speed="-1.00" length="-1.00" nVehEntered="0"/>
   <interval begin="5400.00" end="7200.00" id="3048_OffRamp" nVehContrib="2" flow="4.00" occupancy="0.02" speed="27.82" length="4.50" nVehEntered="2"/>
   <interval begin="5400.00" end="7200.00" id="3049_OffRamp" nVehContrib="93" flow="186.00" occupancy="0.78" speed="34.14" length="5.11" nVehEntered="93"/>
   <interval begin="5400.00" end="7200.00" id="3050_OffRamp" nVehContrib="22" flow="44.00" occupancy="0.16" speed="37.14" length="4.93" nVehEntered="22"/>
   <interval begin="5400.00" end="7200.00" id="3051_OffRamp" nVehContrib="5" flow="10.00" occupancy="0.04" speed="37.24" length="5.00" nVehEntered="5"/>
   <interval begin="5400.00" end="7200.00" id="3061_OffRamp" nVehContrib="1" flow="2.00" occupancy="0.01" speed="28.86" length="5.00" nVehEntered="1"/>
   <interval begin="5400.00" end="7200.00" id="3062_OffRamp" nVehContrib="67" flow="134.00" occupancy="0.58" speed="33.76" length="5.20" nVehEntered="67"/>
   <interval begin="5400.00" end="7200.00" id="3063_OffRamp" nVehContrib="4" flow="8.00" occupancy="0.03" speed="35.50" length="4.75" nVehEntered="4"/>
   <interval begin="5400.00" end="7200.00" id="3064_OffRamp" nVehContrib="25" flow="50.00" occupancy="0.18" speed="38.05" length="4.80" nVehEntered="25"/>
   <interval begin="5400.00" end="7200.00" id="3067_OffRamp" nVehContrib="1" flow="2.00" occupancy="0.01" speed="26.84" length="5.00" nVehEntered="1"/>
   <interval begin="5400.00" end="7200.00" id="3068_OffRamp" nVehContrib="1" flow="2.00" occupancy="0.01" speed="29.53" length="4.50" nVehEntered="1"/>
   <interval begin="5400.00" end="7200.00" id="3069_OffRamp" nVehContrib="0" flow="0.00" occupancy="0.00" speed="-1.00" length="-1.00" nVehEntered="0"/>
   <interval begin="5400.00" end="7200.00" id="3070_OffRamp" nVehContrib="0" flow="0.00" occupancy="0.00" speed="-1.00" length="-1.00" nVehEntered="0"/>
   <interval begin="5400.00" end="7200.00" id="3091_OffRamp" nVehContrib="1" flow="2.00" occupancy="0.01" speed="24.46" length="5.00" nVehEntered="1"/>
   <interval begin="5400.00" end="7200.00" id="3092_OffRamp" nVehContrib="118" flow="236.00" occupancy="0.98" speed="34.32" length="5.06" nVehEntered="118"/>
   <interval begin="5400.00" end="7200.00" id="3093_OffRamp" nVehContrib="3" flow="6.00" occupancy="0.02" speed="38.51" length="5.00" nVehEntered="3"/>
   <interval begin="5400.00" end="7200.00" id="3094_OffRamp" nVehContrib="28" flow="56.00" occupancy="0.21" speed="37.02" length="4.93" nVehEntered="28"/>
   <interval begin="5400.00" end="7200.00" id="3100_OffRamp" nVehContrib="1" flow="2.00" occupancy="0.01" speed="26.67" length="4.50" nVehEntered="1"/>
   <interval begin="5400.00" end="7200.00" id="3101_OffRamp" nVehContrib="80" flow="160.00" occupancy="0.65" speed="35.09" length="5.04" nVehEntered="80"/>
   <interval begin="5400.00" end="7200.00" id="3102_OffRamp" nVehContrib="8" flow="16.00" occupancy="0.06" speed="36.12" length="5.06" nVehEntered="8"/>
   <interval begin="5400.00" end="7200.00" id="3103_OffRamp" nVehContrib="0" flow="0.00" occupancy="0.00" speed="-1.00" length="-1.00" nVehEntered="0"/>
   <interval begin="5400.00" end="7200.00" id="3104_OffRamp" nVehContrib="84" flow="168.00" occupancy="0.83" speed="27.94" length="4.98" nVehEntered="84"/>
   <interval begin="5400.00" end="7200.00" id="3105_OffRamp" nVehContrib="76" flow="152.00" occupancy="0.62" speed="34.75" length="5.03" nVehEntered="76"/>
   <interval begin="5400.00" end="7200.00" id="3106_OffRamp" nVehContrib="9" flow="18.00" occupancy="0.07" speed="35.64" length="5.11" nVehEntered="9"/>
   <interval begin="5400.00" end="7200.00" id="3107_OffRamp" nVehContrib="3" flow="6.00" occupancy="0.02" speed="34.93" length="4.50" nVehEntered="3"/>
   <interval begin="5400.00" end="7200.00" id="3137_OffRamp" nVehContrib="2" flow="4.00" occupancy="0.02" speed="22.51" length="4.75" nVehEntered="2"/>
   <interval begin="5400.00" end="7200.00" id="3138_OffRamp" nVehContrib="4" flow="8.00" occupancy="0.04" speed="30.06" length="4.88" nVehEntered="4"/>
   <interval begin="5400.00" end="7200.00" id="3139_OffRamp" nVehContrib="0" flow="0.00" occupancy="0.00" speed="-1.00" length="-1.00" nVehEntered="0"/>
   <interval begin="5400.00" end="7200.00" id="3140_OffRamp" nVehContrib="0" flow="0.00" occupancy="0.00" speed="-1.00" length="-1.00" nVehEntered="0"/>
   <interval begin="7200.00" end="9000.00" id="2864_OffRamp" nVehContrib="0" flow="0.00" occupancy="0.00" speed="-1.00" length="-1.00" nVehEntered="0"/>
   <interval begin="7200.00" end="9000.00" id="2865_OffRamp" nVehContrib="169" flow="338.00" occupancy="1.45" speed="32.40" length="4.96" nVehEntered="169"/>
   <interval begin="7200.00" end="9000.00" id="2866_OffRamp" nVehContrib="2" flow="4.00" occupancy="0.02" speed="31.37" length="4.50" nVehEntered="5"/>
   <interval begin="7200.00" end="9000.00" id="2867_OffRamp" nVehContrib="19" flow="38.00" occupancy="0.31" speed="28.34" length="4.66" nVehEntered="19"/>
   <interval begin="7200.00" end="9000.00" id="2871_OffRamp" nVehContrib="3" flow="6.00" occupancy="0.03" speed="28.83" length="5.33" nVehEntered="3"/>
   <interval begin="7200.00" end="9000.00" id="2872_OffRamp" nVehContrib="93" flow="186.00" occupancy="0.77" speed="34.38" length="5.06" nVehEntered="93"/>
   <interval begin="7200.00" end="9000.00" id="2873_OffRamp" nVehContrib="9" flow="18.00" occupancy="0.06" speed="38.86" length="4.61" nVehEntered="9"/>
   <interval begin="7200.00" end="9000.00" id="2874_OffRamp" nVehContrib="59" flow="118.00" occupancy="0.47" speed="35.76" length="5.02" nVehEntered="59"/>
   <interval begin="7200.00" end="9000.00" id="2876_OffRamp" nVehContrib="5" flow="10.00" occupancy="0.05" speed="25.85" length="4.90" nVehEntered="5"/>
   <interval begin="7200.00" end="9000.00" id="2877_OffRamp" nVehContrib="2" flow="4.00" occupancy="0.02" speed="33.37" length="5.75" nVehEntered="2"/>
   <interval begin="7200.00" end="9000.00" id="2878_OffRamp" nVehContrib="0" flow="0.00" occupancy="0.00" speed="-1.00" length="-1.00" nVehEntered="0"/>
   <interval begin="7200.00" end="9000.00" id="2879_OffRamp" nVehContrib="0" flow="0.00" occupancy="0.00" speed="-1.00" length="-1.00" nVehEntered="0"/>
   <interval begin="7200.00" end="9000.00" id="2880_OffRamp" nVehContrib="2" flow="4.00" occupancy="0.02" speed="27.06" length="4.75" nVehEntered="2"/>
   <interval begin="7200.00" end="9000.00" id="2881_OffRamp" nVehContrib="94" flow="188.00" occupancy="0.83" speed="32.74" length="5.11" nVehEntered="94"/>
   <interval begin="7200.00" end="9000.00" id="2882_OffRamp" nVehContrib="15" flow="30.00" occupancy="0.11" speed="35.54" length="4.80" nVehEntered="15"/>
   <interval begin="7200.00" end="9000.00" id="2883_OffRamp" nVehContrib="62" flow="124.00" occupancy="0.48" speed="35.26" length="4.82" nVehEntered="62"/>
   <interval begin="7200.00" end="9000.00" id="2887_OffRamp" nVehContrib="0" flow="0.00" occupancy="0.00" speed="-1.00" length="-1.00" nVehEntered="0"/>
   <interval begin="7200.00" end="9000.00" id="2888_OffRamp" nVehContrib="106" flow="212.00" occupancy="0.90" speed="33.41" length="5.04" nVehEntered="106"/>
   <interval begin="7200.00" end="9000.00" id="2889_OffRamp" nVehContrib="19" flow="38.00" occupancy="0.15" speed="35.54" length="4.87" nVehEntered="19"/>
   <interval begin="7200.00" end="9000.00" id="2890_OffRamp" nVehContrib="31" flow="62.00" occupancy="0.23" speed="37.85" length="4.95" nVehEntered="31"/>
   <interval begin="7200.00" end="9000.00" id="2891_OffRamp" nVehContrib="12" flow="24.00" occupancy="0.12" speed="28.40" length="4.92" nVehEntered="12"/>
   <interval begin="7200.00" end="9000.00" id="2892_OffRamp" nVehContrib="117" flow="234.00" occupancy="1.01" speed="33.31" length="5.07" nVehEntered="117"/>
   <interval begin="7200.00" end="9000.00" id="2893_OffRamp" nVehContrib="18" flow="36.00" occupancy="0.15" speed="33.74" length="4.89" nVehEntered="18"/>
   <interval begin="7200.00" end="9000.00" id="2894_OffRamp" nVehContrib="40" flow="80.00" occupancy="0.30" speed="35.99" length="4.78" nVehEntered="40"/>
   <interval begin="7200.00" end="9000.00" id="2895_OffRamp" nVehContrib="7" flow="14.00" occupancy="0.07" speed="27.63" length="4.64" nVehEntered="7"/>
   <interval begin="7200.00" end="9000.00" id="2896_OffRamp" nVehContrib="0" flow="0.00" occupancy="0.00" speed="-1.00" length="-1.00" nVehEntered="0"/>
   <interval begin="7200.00" end="9000.00" id="2897_OffRamp" nVehContrib="1" flow="2.00" occupancy="0.01" speed="34.49" length="5.00" nVehEntered="1"/>
   <interval begin="7200.00" end="9000.00" id="2898_OffRamp" nVehContrib="0" flow="0.00" occupancy="0.00" speed="-1.00" length="-1.00" nVehEntered="0"/>
   <interval begin="7200.00" end="9000.00" id="2916_OffRamp" nVehContrib="0" flow="0.00" occupancy="0.00" speed="-1.00" length="-1.00" nVehEntered="0"/>
   <interval begin="7200.00" end="9000.00" id="2917_OffRamp" nVehContrib="91" flow="182.00" occupancy="0.79" speed="32.60" length="5.03" nVehEntered="91"/>
   <interval begin="7200.00" end="9000.00" id="2918_OffRamp" nVehContrib="7" flow="14.00" occupancy="0.05" speed="36.16" length="5.07" nVehEntered="7"/>
   <interval begin="7200.00" end="9000.00" id="2919_OffRamp" nVehContrib="61" flow="122.00" occupancy="0.46" speed="36.67" length="4.87" nVehEntered="61"/>
   <interval begin="7200.00" end="9000.00" id="2920_OffRamp" nVehContrib="177" flow="354.00" occupancy="1.83" speed="26.68" length="4.94" nVehEntered="177"/>
   <interval begin="7200.00" end="9000.00" id="2921_OffRamp" nVehContrib="3" flow="6.00" occupancy="0.02" speed="31.64" length="4.67" nVehEntered="3"/>
   <interval begin="7200.00" end="9000.00" id="2922_OffRamp" nVehContrib="1" flow="2.00" occupancy="0.01" speed="39.39" length="5.00" nVehEntered="1"/>
   <interval begin="7200.00" end="9000.00" id="2923_OffRamp" nVehContrib="0" flow="0.00" occupancy="0.00" speed="-1.00" length="-1.00" nVehEntered="0"/>
   <interval begin="7200.00" end="9000.00" id="2935_OffRamp" nVehContrib="2" flow="4.00" occupancy="0.02" speed="29.93" length="5.25" nVehEntered="2"/>
   <interval begin="7200.00" end="9000.00" id="2936_OffRamp" nVehContrib="110" flow="220.00" occupancy="0.89" speed="34.97" length="5.03" nVehEntered="110"/>
   <interval begin="7200.00" end="9000.00" id="2937_OffRamp" nVehContrib="21" flow="42.00" occupancy="0.19" speed="32.42" length="5.17" nVehEntered="25"/>
   <interval begin="7200.00" end="9000.00" id="2938_OffRamp" nVehContrib="31" flow="62.00" occupancy="0.42" speed="34.05" length="4.85" nVehEntered="31"/>
   <interval begin="7200.00" end="9000.00" id="2952_OffRamp" nVehContrib="13" flow="26.00" occupancy="0.13" speed="28.10" length="5.08" nVehEntered="13"/>
   <interval begin="7200.00" end="9000.00" id="2953_OffRamp" nVehContrib="87" flow="174.00" occupancy="0.75" speed="34.19" length="4.90" nVehEntered="87"/>
   <interval begin="7200.00" end="9000.00" id="2954_OffRamp" nVehContrib="13" flow="26.00" occupancy="0.10" speed="37.16" length="5.00" nVehEntered="14"/>
   <interval begin="7200.00" end="9000.00" id="2955_OffRamp" nVehContrib="3" flow="6.00" occupancy="0.02" speed="38.38" length="4.50" nVehEntered="3"/>
   <interval begin="7200.00" end="9000.00" id="2956_OffRamp" nVehContrib="185" flow="370.00" occupancy="2.05" speed="25.85" length="5.10" nVehEntered="185"/>
   <interval begin="7200.00" end="9000.00" id="2957_OffRamp" nVehContrib="0" flow="0.00" occupancy="0.00" speed="-1.00" length="-1.00" nVehEntered="0"/>
   <interval begin="7200.00" end="9000.00" id="2958_OffRamp" nVehContrib="0" flow="0.00" occupancy="0.00" speed="-1.00" length="-1.00" nVehEntered="0"/>
   <interval begin="7200.00" end="9000.00" id="2959_OffRamp" nVehContrib="0" flow="0.00" occupancy="0.00" speed="-1.00" length="-1.00" nVehEntered="0"/>
   <interval begin="7200.00" end="9000.00" id="2996_OffRamp" nVehContrib="0" flow="0.00" occupancy="0.00" speed="-1.00" length="-1.00" nVehEntered="0"/>
   <interval begin="7200.00" end="9000.00" id="2997_OffRamp" nVehContrib="137" flow="274.00" occupancy="1.13" speed="34.18" length="4.99" nVehEntered="137"/>
   <interval begin="7200.00" end="9000.00" id="2998_OffRamp" nVehContrib="16" flow="32.00" occupancy="0.12" speed="36.85" length="4.97" nVehEntered="16"/>
   <interval begin="7200.00" end="9000.00" id="2999_OffRamp" nVehContrib="1" flow="2.00" occupancy="0.01" speed="43.12" length="5.00" nVehEntered="1"/>
   <interval begin="7200.00" end="9000.00" id="3005_OffRamp" nVehContrib="0" flow="0.00" occupancy="0.00" speed="-1.00" length="-1.00" nVehEntered="0"/>
   <interval begin="7200.00" end="9000.00" id="3006_OffRamp" nVehContrib="79" flow="158.00" occupancy="0.71" speed="32.21" length="5.15" nVehEntered="79"/>
   <interval begin="7200.00" end="9000.00" id="3007_OffRamp" nVehContrib="9" flow="18.00" occupancy="0.06" speed="37.04" length="4.72" nVehEntered="9"/>
   <interval begin="7200.00" end="9000.00" id="3008_OffRamp" nVehContrib="79" flow="158.00" occupancy="0.61" speed="35.35" length="4.82" nVehEntered="79"/>
   <interval begin="7200.00" end="9000.00" id="3009_OffRamp" nVehContrib="2" flow="4.00" occupancy="0.02" speed="27.06" length="4.75" nVehEntered="2"/>
   <interval begin="7200.00" end="9000.00" id="3010_OffRamp" nVehContrib="198" flow="396.00" occupancy="1.72" speed="33.29" length="5.00" nVehEntered="198"/>
   <interval begin="7200.00" end="9000.00" id="3011_OffRamp" nVehContrib="33" flow="66.00" occupancy="0.25" speed="35.51" length="4.82" nVehEntered="34"/>
   <interval begin="7200.00" end="9000.00" id="3012_OffRamp" nVehContrib="5" flow="10.00" occupancy="0.04" speed="38.39" length="5.20" nVehEntered="5"/>
   <interval begin="7200.00" end="9000.00" id="3016_OffRamp" nVehContrib="60" flow="120.00" occupancy="0.57" speed="28.62" length="4.88" nVehEntered="60"/>
   <interval begin="7200.00" end="9000.00" id="3017_OffRamp" nVehContrib="100" flow="200.00" occupancy="0.80" speed="34.38" length="4.92" nVehEntered="100"/>
   <interval begin="7200.00" end="9000.00" id="3018_OffRamp" nVehContrib="13" flow="26.00" occupancy="0.10" speed="35.55" length="4.85" nVehEntered="13"/>
   <interval begin="7200.00" end="9000.00" id="3019_OffRamp" nVehContrib="2" flow="4.00" occupancy="0.01" speed="38.02" length="4.50" nVehEntered="2"/>
   <interval begin="7200.00" end="9000.00" id="3021_OffRamp" nVehContrib="118" flow="236.00" occupancy="1.22" speed="27.03" length="4.99" nVehEntered="118"/>
   <interval begin="7200.00" end="9000.00" id="3022_OffRamp" nVehContrib="88" flow="176.00" occupancy="0.72" speed="33.99" length="4.94" nVehEntered="88"/>
   <interval begin="7200.00" end="9000.00" id="3023_OffRamp" nVehContrib="25" flow="50.00" occupancy="0.19" speed="36.96" length="4.90" nVehEntered="25"/>
   <interval begin="7200.00" end="9000.00" id="3024_OffRamp" nVehContrib="3" flow="6.00" occupancy="0.02" speed="38.50" length="4.50" nVehEntered="3"/>
   <interval begin="7200.00" end="9000.00" id="3027_OffRamp" nVehContrib="51" flow="102.00" occupancy="0.50" speed="27.90" length="4.92" nVehEntered="51"/>
   <interval begin="7200.00" end="9000.00" id="3028_OffRamp" nVehContrib="69" flow="138.00" occupancy="0.60" speed="32.47" length="5.04" nVehEntered="69"/>
   <interval begin="7200.00" end="9000.00" id="3029_OffRamp" nVehContrib="5" flow="10.00" occupancy="0.04" speed="33.34" length="5.10" nVehEntered="5"/>
   <interval begin="7200.00" end="9000.00" id="3030_OffRamp" nVehContrib="45" flow="90.00" occupancy="0.34" speed="36.38" length="4.88" nVehEntered="45"/>
   <interval begin="7200.00" end="9000.00" id="3031_OffRamp" nVehContrib="0" flow="0.00" occupancy="0.00" speed="-1.00" length="-1.00" nVehEntered="0"/>
   <interval begin="7200.00" end="9000.00" id="3032_OffRamp" nVehContrib="177" flow="354.00" occupancy="1.53" speed="32.70" length="4.94" nVehEntered="177"/>
   <interval begin="7200.00" end="9000.00" id="3033_OffRamp" nVehContrib="1" flow="2.00" occupancy="0.01" speed="31.65" length="4.50" nVehEntered="1"/>
   <interval begin="7200.00" end="9000.00" id="3034_OffRamp" nVehContrib="0" flow="0.00" occupancy="0.00" speed="-1.00" length="-1.00" nVehEntered="0"/>
   <interval begin="7200.00" end="9000.00" id="3035_OffRamp" nVehContrib="4" flow="8.00" occupancy="0.04" speed="28.60" length="5.50" nVehEntered="4"/>
   <interval begin="7200.00" end="9000.00" id="3036_OffRamp" nVehContrib="0" flow="0.00" occupancy="0.00" speed="-1.00" length="-1.00" nVehEntered="0"/>
   <interval begin="7200.00" end="9000.00" id="3037_OffRamp" nVehContrib="0" flow="0.00" occupancy="0.00" speed="-1.00" length="-1.00" nVehEntered="0"/>
   <interval begin="7200.00" end="9000.00" id="3038_OffRamp" nVehContrib="0" flow="0.00" occupancy="0.00" speed="-1.00" length="-1.00" nVehEntered="0"/>
   <interval begin="7200.00" end="9000.00" id="3048_OffRamp" nVehContrib="2" flow="4.00" occupancy="0.02" speed="27.55" length="4.50" nVehEntered="2"/>
   <interval begin="7200.00" end="9000.00" id="3049_OffRamp" nVehContrib="118" flow="236.00" occupancy="0.97" speed="33.95" length="4.97" nVehEntered="118"/>
   <interval begin="7200.00" end="9000.00" id="3050_OffRamp" nVehContrib="26" flow="52.00" occupancy="0.19" speed="37.21" length="4.83" nVehEntered="26"/>
   <interval begin="7200.00" end="9000.00" id="3051_OffRamp" nVehContrib="4" flow="8.00" occupancy="0.03" speed="38.13" length="5.00" nVehEntered="4"/>
   <interval begin="7200.00" end="9000.00" id="3061_OffRamp" nVehContrib="1" flow="2.00" occupancy="0.01" speed="24.62" length="4.50" nVehEntered="1"/>
   <interval begin="7200.00" end="9000.00" id="3062_OffRamp" nVehContrib="75" flow="150.00" occupancy="0.65" speed="32.47" length="5.03" nVehEntered="75"/>
   <interval begin="7200.00" end="9000.00" id="3063_OffRamp" nVehContrib="4" flow="8.00" occupancy="0.03" speed="32.88" length="5.12" nVehEntered="4"/>
   <interval begin="7200.00" end="9000.00" id="3064_OffRamp" nVehContrib="41" flow="82.00" occupancy="0.31" speed="36.60" length="4.87" nVehEntered="41"/>
   <interval begin="7200.00" end="9000.00" id="3067_OffRamp" nVehContrib="4" flow="8.00" occupancy="0.04" speed="28.21" length="4.75" nVehEntered="4"/>
   <interval begin="7200.00" end="9000.00" id="3068_OffRamp" nVehContrib="1" flow="2.00" occupancy="0.01" speed="33.26" length="4.50" nVehEntered="1"/>
   <interval begin="7200.00" end="9000.00" id="3069_OffRamp" nVehContrib="1" flow="2.00" occupancy="0.01" speed="37.19" length="4.50" nVehEntered="1"/>
   <interval begin="7200.00" end="9000.00" id="3070_OffRamp" nVehContrib="0" flow="0.00" occupancy="0.00" speed="-1.00" length="-1.00" nVehEntered="0"/>
   <interval begin="7200.00" end="9000.00" id="3091_OffRamp" nVehContrib="1" flow="2.00" occupancy="0.01" speed="27.87" length="5.50" nVehEntered="1"/>
   <interval begin="7200.00" end="9000.00" id="3092_OffRamp" nVehContrib="138" flow="276.00" occupancy="1.15" speed="33.66" length="4.97" nVehEntered="138"/>
   <interval begin="7200.00" end="9000.00" id="3093_OffRamp" nVehContrib="4" flow="8.00" occupancy="0.03" speed="37.93" length="4.62" nVehEntered="4"/>
   <interval begin="7200.00" end="9000.00" id="3094_OffRamp" nVehContrib="44" flow="88.00" occupancy="0.33" speed="35.63" length="4.80" nVehEntered="44"/>
   <interval begin="7200.00" end="9000.00" id="3100_OffRamp" nVehContrib="1" flow="2.00" occupancy="0.01" speed="26.23" length="4.50" nVehEntered="1"/>
   <interval begin="7200.00" end="9000.00" id="3101_OffRamp" nVehContrib="97" flow="194.00" occupancy="0.78" speed="34.29" length="4.92" nVehEntered="97"/>
   <interval begin="7200.00" end="9000.00" id="3102_OffRamp" nVehContrib="14" flow="28.00" occupancy="0.11" speed="35.86" length="4.86" nVehEntered="14"/>
   <interval begin="7200.00" end="9000.00" id="3103_OffRamp" nVehContrib="3" flow="6.00" occupancy="0.02" speed="36.93" length="4.50" nVehEntered="3"/>
   <interval begin="7200.00" end="9000.00" id="3104_OffRamp" nVehContrib="100" flow="200.00" occupancy="1.03" speed="26.99" length="4.96" nVehEntered="100"/>
   <interval begin="7200.00" end="9000.00" id="3105_OffRamp" nVehContrib="103" flow="206.00" occupancy="0.87" speed="33.50" length="5.02" nVehEntered="103"/>
   <interval begin="7200.00" end="