<?xml version="1.0" encoding="UTF-8"?>

<!-- generated on Wed Aug 30 12:38:45 2023 by SUMO Version 0.26.0
<?xml version="1.0" encoding="UTF-8"?>

<configuration xmlns:xsi="http://www.w3.org/2001/XMLSchema-instance" xsi:noNamespaceSchemaLocation="http://sumo.dlr.de/xsd/sumoConfiguration.xsd">

    <input>
        <net-file value="/home/joao/Projetos/reroutingStudies/Luxembourg/sim.net.xml"/>
        <route-files value="/home/joao/Projetos/reroutingStudies/Luxembourg/buslines.rou.xml,/home/joao/Projetos/reroutingStudies/Luxembourg/DUERoutes/local.actuated.0.rou.xml,/home/joao/Projetos/reroutingStudies/Luxembourg/DUERoutes/local.actuated.1.rou.xml,/home/joao/Projetos/reroutingStudies/Luxembourg/DUERoutes/local.actuated.2.rou.xml,/home/joao/Projetos/reroutingStudies/Luxembourg/transit.rou.xml"/>
        <additional-files value="/home/joao/Projetos/reroutingStudies/Luxembourg/vtypes.add.xml,/home/joao/Projetos/reroutingStudies/Luxembourg/busstops.add.xml,/home/joao/Projetos/reroutingStudies/Luxembourg/e1detectors.add.xml,/home/joao/Projetos/reroutingStudies/Luxembourg/lust.poly.xml"/>
    </input>

    <output>
        <summary-output value="/home/joao/Projetos/reroutingStudies/Luxembourg/due.actuated.summary.xml"/>
        <tripinfo-output value="Outputs_EBkSP/Luxembourg/reroute_EBkSP_0.xml"/>
    </output>

    <time>
        <begin value="0"/>
        <step-length value="1"/>
    </time>

    <processing>
        <ignore-junction-blocker value="20"/>
        <time-to-teleport value="600"/>
        <max-depart-delay value="600"/>
    </processing>

    <routing>
        <routing-algorithm value="dijkstra"/>
    </routing>

    <report>
        <verbose value="true"/>
        <log value="/home/joao/Projetos/reroutingStudies/Luxembourg/due.actuated.log"/>
    </report>

    <emissions>
        <device.emissions.probability value="1"/>
    </emissions>

    <traci_server>
        <remote-port value="56949"/>
    </traci_server>

    <random_number>
        <seed value="0"/>
    </random_number>

</configuration>
-->

<detector xmlns:xsi="http://www.w3.org/2001/XMLSchema-instance" xsi:noNamespaceSchemaLocation="http://sumo.dlr.de/xsd/det_e1_file.xsd">
   <interval begin="0.00" end="1800.00" id="2853_OnRamp" nVehContrib="0" flow="0.00" occupancy="0.00" speed="-1.00" length="-1.00" nVehEntered="0"/>
   <interval begin="0.00" end="1800.00" id="2854_OnRamp" nVehContrib="39" flow="78.00" occupancy="0.31" speed="34.75" length="4.87" nVehEntered="39"/>
   <interval begin="0.00" end="1800.00" id="2855_OnRamp" nVehContrib="0" flow="0.00" occupancy="0.00" speed="-1.00" length="-1.00" nVehEntered="0"/>
   <interval begin="0.00" end="1800.00" id="2856_OnRamp" nVehContrib="9" flow="18.00" occupancy="0.07" speed="36.95" length="4.89" nVehEntered="9"/>
   <interval begin="0.00" end="1800.00" id="2900_OnRamp" nVehContrib="0" flow="0.00" occupancy="0.00" speed="-1.00" length="-1.00" nVehEntered="0"/>
   <interval begin="0.00" end="1800.00" id="2901_OnRamp" nVehContrib="1" flow="2.00" occupancy="0.01" speed="39.53" length="4.50" nVehEntered="1"/>
   <interval begin="0.00" end="1800.00" id="2902_OnRamp" nVehContrib="0" flow="0.00" occupancy="0.00" speed="-1.00" length="-1.00" nVehEntered="0"/>
   <interval begin="0.00" end="1800.00" id="2903_OnRamp" nVehContrib="0" flow="0.00" occupancy="0.00" speed="-1.00" length="-1.00" nVehEntered="0"/>
   <interval begin="0.00" end="1800.00" id="2904_OnRamp" nVehContrib="18" flow="36.00" occupancy="0.22" speed="23.23" length="5.17" nVehEntered="18"/>
   <interval begin="0.00" end="1800.00" id="2905_OnRamp" nVehContrib="32" flow="64.00" occupancy="0.26" speed="34.20" length="4.97" nVehEntered="32"/>
   <interval begin="0.00" end="1800.00" id="2906_OnRamp" nVehContrib="0" flow="0.00" occupancy="0.00" speed="-1.00" length="-1.00" nVehEntered="0"/>
   <interval begin="0.00" end="1800.00" id="2907_OnRamp" nVehContrib="0" flow="0.00" occupancy="0.00" speed="-1.00" length="-1.00" nVehEntered="0"/>
   <interval begin="0.00" end="1800.00" id="2908_OnRamp" nVehContrib="0" flow="0.00" occupancy="0.00" speed="-1.00" length="-1.00" nVehEntered="0"/>
   <interval begin="0.00" end="1800.00" id="2909_OnRamp" nVehContrib="31" flow="62.00" occupancy="0.25" speed="34.08" length="4.89" nVehEntered="31"/>
   <interval begin="0.00" end="1800.00" id="2910_OnRamp" nVehContrib="0" flow="0.00" occupancy="0.00" speed="-1.00" length="-1.00" nVehEntered="0"/>
   <interval begin="0.00" end="1800.00" id="2911_OnRamp" nVehContrib="8" flow="16.00" occupancy="0.06" speed="37.77" length="4.94" nVehEntered="8"/>
   <interval begin="0.00" end="1800.00" id="2912_OnRamp" nVehContrib="12" flow="24.00" occupancy="0.15" speed="23.55" length="5.12" nVehEntered="12"/>
   <interval begin="0.00" end="1800.00" id="2913_OnRamp" nVehContrib="0" flow="0.00" occupancy="0.00" speed="-1.00" length="-1.00" nVehEntered="0"/>
   <interval begin="0.00" end="1800.00" id="2914_OnRamp" nVehContrib="0" flow="0.00" occupancy="0.00" speed="-1.00" length="-1.00" nVehEntered="0"/>
   <interval begin="0.00" end="1800.00" id="2915_OnRamp" nVehContrib="0" flow="0.00" occupancy="0.00" speed="-1.00" length="-1.00" nVehEntered="0"/>
   <interval begin="0.00" end="1800.00" id="2924_OnRamp" nVehContrib="5" flow="10.00" occupancy="0.04" speed="30.77" length="4.80" nVehEntered="5"/>
   <interval begin="0.00" end="1800.00" id="2925_OnRamp" nVehContrib="1" flow="2.00" occupancy="0.01" speed="26.10" length="5.00" nVehEntered="1"/>
   <interval begin="0.00" end="1800.00" id="2926_OnRamp" nVehContrib="2" flow="4.00" occupancy="0.02" speed="33.30" length="5.00" nVehEntered="2"/>
   <interval begin="0.00" end="1800.00" id="2927_OnRamp" nVehContrib="0" flow="0.00" occupancy="0.00" speed="-1.00" length="-1.00" nVehEntered="0"/>
   <interval begin="0.00" end="1800.00" id="2941_OnRamp" nVehContrib="8" flow="16.00" occupancy="0.06" speed="32.41" length="4.62" nVehEntered="8"/>
   <interval begin="0.00" end="1800.00" id="2942_OnRamp" nVehContrib="52" flow="104.00" occupancy="0.44" speed="33.36" length="4.97" nVehEntered="52"/>
   <interval begin="0.00" end="1800.00" id="2943_OnRamp" nVehContrib="0" flow="0.00" occupancy="0.00" speed="-1.00" length="-1.00" nVehEntered="0"/>
   <interval begin="0.00" end="1800.00" id="2944_OnRamp" nVehContrib="0" flow="0.00" occupancy="0.00" speed="-1.00" length="-1.00" nVehEntered="0"/>
   <interval begin="0.00" end="1800.00" id="2947_OnRamp" nVehContrib="0" flow="0.00" occupancy="0.00" speed="-1.00" length="-1.00" nVehEntered="0"/>
   <interval begin="0.00" end="1800.00" id="2948_OnRamp" nVehContrib="56" flow="112.00" occupancy="0.47" speed="34.26" length="5.12" nVehEntered="56"/>
   <interval begin="0.00" end="1800.00" id="2949_OnRamp" nVehContrib="0" flow="0.00" occupancy="0.00" speed="-1.00" length="-1.00" nVehEntered="0"/>
   <interval begin="0.00" end="1800.00" id="2950_OnRamp" nVehContrib="5" flow="10.00" occupancy="0.04" speed="36.11" length="4.60" nVehEntered="5"/>
   <interval begin="0.00" end="1800.00" id="2963_OnRamp" nVehContrib="1" flow="2.00" occupancy="0.01" speed="23.83" length="5.00" nVehEntered="1"/>
   <interval begin="0.00" end="1800.00" id="2964_OnRamp" nVehContrib="0" flow="0.00" occupancy="0.00" speed="-1.00" length="-1.00" nVehEntered="0"/>
   <interval begin="0.00" end="1800.00" id="2965_OnRamp" nVehContrib="0" flow="0.00" occupancy="0.00" speed="-1.00" length="-1.00" nVehEntered="0"/>
   <interval begin="0.00" end="1800.00" id="2966_OnRamp" nVehContrib="0" flow="0.00" occupancy="0.00" speed="-1.00" length="-1.00" nVehEntered="0"/>
   <interval begin="0.00" end="1800.00" id="2970_OnRamp" nVehContrib="5" flow="10.00" occupancy="0.05" speed="26.25" length="4.90" nVehEntered="5"/>
   <interval begin="0.00" end="1800.00" id="2971_OnRamp" nVehContrib="0" flow="0.00" occupancy="0.00" speed="-1.00" length="-1.00" nVehEntered="0"/>
   <interval begin="0.00" end="1800.00" id="2972_OnRamp" nVehContrib="1" flow="2.00" occupancy="0.01" speed="32.17" length="5.00" nVehEntered="1"/>
   <interval begin="0.00" end="1800.00" id="2973_OnRamp" nVehContrib="0" flow="0.00" occupancy="0.00" speed="-1.00" length="-1.00" nVehEntered="0"/>
   <interval begin="0.00" end="1800.00" id="2976_OnRamp" nVehContrib="5" flow="10.00" occupancy="0.05" speed="25.25" length="4.70" nVehEntered="5"/>
   <interval begin="0.00" end="1800.00" id="2977_OnRamp" nVehContrib="54" flow="108.00" occupancy="0.45" speed="34.58" length="5.14" nVehEntered="54"/>
   <interval begin="0.00" end="1800.00" id="2978_OnRamp" nVehContrib="0" flow="0.00" occupancy="0.00" speed="-1.00" length="-1.00" nVehEntered="0"/>
   <interval begin="0.00" end="1800.00" id="2979_OnRamp" nVehContrib="6" flow="12.00" occupancy="0.04" speed="36.55" length="4.83" nVehEntered="6"/>
   <interval begin="0.00" end="1800.00" id="2980_OnRamp" nVehContrib="1" flow="2.00" occupancy="0.01" speed="25.60" length="4.50" nVehEntered="1"/>
   <interval begin="0.00" end="1800.00" id="2981_OnRamp" nVehContrib="35" flow="70.00" occupancy="0.30" speed="33.11" length="5.10" nVehEntered="35"/>
   <interval begin="0.00" end="1800.00" id="2982_OnRamp" nVehContrib="0" flow="0.00" occupancy="0.00" speed="-1.00" length="-1.00" nVehEntered="0"/>
   <interval begin="0.00" end="1800.00" id="2983_OnRamp" nVehContrib="14" flow="28.00" occupancy="0.09" speed="40.16" length="4.82" nVehEntered="14"/>
   <interval begin="0.00" end="1800.00" id="2986_OnRamp" nVehContrib="46" flow="92.00" occupancy="0.56" speed="23.48" length="4.93" nVehEntered="46"/>
   <interval begin="0.00" end="1800.00" id="2987_OnRamp" nVehContrib="29" flow="58.00" occupancy="0.25" speed="33.12" length="5.05" nVehEntered="29"/>
   <interval begin="0.00" end="1800.00" id="2988_OnRamp" nVehContrib="2" flow="4.00" occupancy="0.02" speed="37.78" length="5.25" nVehEntered="2"/>
   <interval begin="0.00" end="1800.00" id="2989_OnRamp" nVehContrib="8" flow="16.00" occupancy="0.05" speed="39.60" length="4.81" nVehEntered="8"/>
   <interval begin="0.00" end="1800.00" id="2991_OnRamp" nVehContrib="0" flow="0.00" occupancy="0.00" speed="-1.00" length="-1.00" nVehEntered="0"/>
   <interval begin="0.00" end="1800.00" id="2992_OnRamp" nVehContrib="35" flow="70.00" occupancy="0.30" speed="33.84" length="5.01" nVehEntered="35"/>
   <interval begin="0.00" end="1800.00" id="2993_OnRamp" nVehContrib="0" flow="0.00" occupancy="0.00" speed="-1.00" length="-1.00" nVehEntered="0"/>
   <interval begin="0.00" end="1800.00" id="2994_OnRamp" nVehContrib="4" flow="8.00" occupancy="0.03" speed="35.73" length="4.88" nVehEntered="4"/>
   <interval begin="0.00" end="1800.00" id="3000_OnRamp" nVehContrib="0" flow="0.00" occupancy="0.00" speed="-1.00" length="-1.00" nVehEntered="0"/>
   <interval begin="0.00" end="1800.00" id="3001_OnRamp" nVehContrib="38" flow="76.00" occupancy="0.32" speed="34.25" length="5.03" nVehEntered="38"/>
   <interval begin="0.00" end="1800.00" id="3002_OnRamp" nVehContrib="0" flow="0.00" occupancy="0.00" speed="-1.00" length="-1.00" nVehEntered="0"/>
   <interval begin="0.00" end="1800.00" id="3003_OnRamp" nVehContrib="4" flow="8.00" occupancy="0.03" speed="35.45" length="4.88" nVehEntered="4"/>
   <interval begin="0.00" end="1800.00" id="3043_OnRamp" nVehContrib="6" flow="12.00" occupancy="0.07" speed="23.79" length="4.83" nVehEntered="6"/>
   <interval begin="0.00" end="1800.00" id="3044_OnRamp" nVehContrib="0" flow="0.00" occupancy="0.00" speed="-1.00" length="-1.00" nVehEntered="0"/>
   <interval begin="0.00" end="1800.00" id="3045_OnRamp" nVehContrib="0" flow="0.00" occupancy="0.00" speed="-1.00" length="-1.00" nVehEntered="0"/>
   <interval begin="0.00" end="1800.00" id="3046_OnRamp" nVehContrib="0" flow="0.00" occupancy="0.00" speed="-1.00" length="-1.00" nVehEntered="0"/>
   <interval begin="0.00" end="1800.00" id="3053_OnRamp" nVehContrib="36" flow="72.00" occupancy="0.43" speed="23.46" length="4.96" nVehEntered="36"/>
   <interval begin="0.00" end="1800.00" id="3054_OnRamp" nVehContrib="37" flow="74.00" occupancy="0.30" speed="34.33" length="4.97" nVehEntered="37"/>
   <interval begin="0.00" end="1800.00" id="3055_OnRamp" nVehContrib="0" flow="0.00" occupancy="0.00" speed="-1.00" length="-1.00" nVehEntered="0"/>
   <interval begin="0.00" end="1800.00" id="3056_OnRamp" nVehContrib="0" flow="0.00" occupancy="0.00" speed="-1.00" length="-1.00" nVehEntered="0"/>
   <interval begin="0.00" end="1800.00" id="3057_OnRamp" nVehContrib="18" flow="36.00" occupancy="0.20" speed="24.98" length="4.81" nVehEntered="18"/>
   <interval begin="0.00" end="1800.00" id="3058_OnRamp" nVehContrib="31" flow="62.00" occupancy="0.25" speed="34.10" length="4.97" nVehEntered="31"/>
   <interval begin="0.00" end="1800.00" id="3059_OnRamp" nVehContrib="0" flow="0.00" occupancy="0.00" speed="-1.00" length="-1.00" nVehEntered="0"/>
   <interval begin="0.00" end="1800.00" id="3060_OnRamp" nVehContrib="4" flow="8.00" occupancy="0.03" speed="36.97" length="4.88" nVehEntered="4"/>
   <interval begin="0.00" end="1800.00" id="3072_OnRamp" nVehContrib="16" flow="32.00" occupancy="0.17" speed="27.34" length="5.06" nVehEntered="16"/>
   <interval begin="0.00" end="1800.00" id="3073_OnRamp" nVehContrib="0" flow="0.00" occupancy="0.00" speed="-1.00" length="-1.00" nVehEntered="0"/>
   <interval begin="0.00" end="1800.00" id="3074_OnRamp" nVehContrib="0" flow="0.00" occupancy="0.00" speed="-1.00" length="-1.00" nVehEntered="0"/>
   <interval begin="0.00" end="1800.00" id="3075_OnRamp" nVehContrib="0" flow="0.00" occupancy="0.00" speed="-1.00" length="-1.00" nVehEntered="0"/>
   <interval begin="0.00" end="1800.00" id="3076_OnRamp" nVehContrib="1" flow="2.00" occupancy="0.01" speed="24.89" length="4.50" nVehEntered="1"/>
   <interval begin="0.00" end="1800.00" id="3077_OnRamp" nVehContrib="0" flow="0.00" occupancy="0.00" speed="-1.00" length="-1.00" nVehEntered="0"/>
   <interval begin="0.00" end="1800.00" id="3078_OnRamp" nVehContrib="0" flow="0.00" occupancy="0.00" speed="-1.00" length="-1.00" nVehEntered="0"/>
   <interval begin="0.00" end="1800.00" id="3079_OnRamp" nVehContrib="0" flow="0.00" occupancy="0.00" speed="-1.00" length="-1.00" nVehEntered="0"/>
   <interval begin="0.00" end="1800.00" id="3081_OnRamp" nVehContrib="0" flow="0.00" occupancy="0.00" speed="-1.00" length="-1.00" nVehEntered="0"/>
   <interval begin="0.00" end="1800.00" id="3082_OnRamp" nVehContrib="39" flow="78.00" occupancy="0.33" speed="33.60" length="5.06" nVehEntered="39"/>
   <interval begin="0.00" end="1800.00" id="3083_OnRamp" nVehContrib="0" flow="0.00" occupancy="0.00" speed="-1.00" length="-1.00" nVehEntered="0"/>
   <interval begin="0.00" end="1800.00" id="3084_OnRamp" nVehContrib="10" flow="20.00" occupancy="0.07" speed="41.35" length="4.85" nVehEntered="10"/>
   <interval begin="0.00" end="1800.00" id="3087_OnRamp" nVehContrib="0" flow="0.00" occupancy="0.00" speed="-1.00" length="-1.00" nVehEntered="0"/>
   <interval begin="0.00" end="1800.00" id="3088_OnRamp" nVehContrib="42" flow="84.00" occupancy="0.35" speed="33.75" length="5.02" nVehEntered="42"/>
   <interval begin="0.00" end="1800.00" id="3089_OnRamp" nVehContrib="0" flow="0.00" occupancy="0.00" speed="-1.00" length="-1.00" nVehEntered="0"/>
   <interval begin="0.00" end="1800.00" id="3090_OnRamp" nVehContrib="0" flow="0.00" occupancy="0.00" speed="-1.00" length="-1.00" nVehEntered="0"/>
   <interval begin="0.00" end="1800.00" id="3096_OnRamp" nVehContrib="0" flow="0.00" occupancy="0.00" speed="-1.00" length="-1.00" nVehEntered="0"/>
   <interval begin="0.00" end="1800.00" id="3097_OnRamp" nVehContrib="36" flow="72.00" occupancy="0.29" speed="34.51" length="4.89" nVehEntered="36"/>
   <interval begin="0.00" end="1800.00" id="3098_OnRamp" nVehContrib="0" flow="0.00" occupancy="0.00" speed="-1.00" length="-1.00" nVehEntered="0"/>
   <interval begin="0.00" end="1800.00" id="3099_OnRamp" nVehContrib="8" flow="16.00" occupancy="0.06" speed="37.53" length="4.94" nVehEntered="8"/>
   <interval begin="0.00" end="1800.00" id="3114_OnRamp" nVehContrib="38" flow="76.00" occupancy="0.48" speed="22.13" length="4.97" nVehEntered="38"/>
   <interval begin="0.00" end="1800.00" id="3115_OnRamp" nVehContrib="16" flow="32.00" occupancy="0.13" speed="35.83" length="5.06" nVehEntered="16"/>
   <interval begin="0.00" end="1800.00" id="3116_OnRamp" nVehContrib="0" flow="0.00" occupancy="0.00" speed="-1.00" length="-1.00" nVehEntered="0"/>
   <interval begin="0.00" end="1800.00" id="3117_OnRamp" nVehContrib="0" flow="0.00" occupancy="0.00" speed="-1.00" length="-1.00" nVehEntered="0"/>
   <interval begin="0.00" end="1800.00" id="3121_OnRamp" nVehContrib="10" flow="20.00" occupancy="0.11" speed="24.87" length="4.90" nVehEntered="10"/>
   <interval begin="0.00" end="1800.00" id="3122_OnRamp" nVehContrib="30" flow="60.00" occupancy="0.27" speed="32.85" length="5.17" nVehEntered="30"/>
   <interval begin="0.00" end="1800.00" id="3123_OnRamp" nVehContrib="0" flow="0.00" occupancy="0.00" speed="-1.00" length="-1.00" nVehEntered="0"/>
   <interval begin="0.00" end="1800.00" id="3124_OnRamp" nVehContrib="14" flow="28.00" occupancy="0.09" speed="39.99" length="4.82" nVehEntered="14"/>
   <interval begin="0.00" end="1800.00" id="3132_OnRamp" nVehContrib="33" flow="66.00" occupancy="0.40" speed="23.09" length="4.95" nVehEntered="33"/>
   <interval begin="0.00" end="1800.00" id="3133_OnRamp" nVehContrib="12" flow="24.00" occupancy="0.10" speed="33.46" length="5.12" nVehEntered="12"/>
   <interval begin="0.00" end="1800.00" id="3134_OnRamp" nVehContrib="0" flow="0.00" occupancy="0.00" speed="-1.00" length="-1.00" nVehEntered="0"/>
   <interval begin="0.00" end="1800.00" id="3135_OnRamp" nVehContrib="0" flow="0.00" occupancy="0.00" speed="-1.00" length="-1.00" nVehEntered="0"/>
   <interval begin="1800.00" end="3600.00" id="2853_OnRamp" nVehContrib="0" flow="0.00" occupancy="0.00" speed="-1.00" length="-1.00" nVehEntered="0"/>
   <interval begin="1800.00" end="3600.00" id="2854_OnRamp" nVehContrib="47" flow="94.00" occupancy="0.41" speed="34.06" length="5.20" nVehEntered="47"/>
   <interval begin="1800.00" end="3600.00" id="2855_OnRamp" nVehContrib="0" flow="0.00" occupancy="0.00" speed="-1.00" length="-1.00" nVehEntered="0"/>
   <interval begin="1800.00" end="3600.00" id="2856_OnRamp" nVehContrib="6" flow="12.00" occupancy="0.05" speed="34.50" length="5.33" nVehEntered="6"/>
   <interval begin="1800.00" end="3600.00" id="2900_OnRamp" nVehContrib="2" flow="4.00" occupancy="0.02" speed="23.02" length="5.00" nVehEntered="2"/>
   <interval begin="1800.00" end="3600.00" id="2901_OnRamp" nVehContrib="1" flow="2.00" occupancy="0.01" speed="32.36" length="4.50" nVehEntered="1"/>
   <interval begin="1800.00" end="3600.00" id="2902_OnRamp" nVehContrib="0" flow="0.00" occupancy="0.00" speed="-1.00" length="-1.00" nVehEntered="0"/>
   <interval begin="1800.00" end="3600.00" id="2903_OnRamp" nVehContrib="0" flow="0.00" occupancy="0.00" speed="-1.00" length="-1.00" nVehEntered="0"/>
   <interval begin="1800.00" end="3600.00" id="2904_OnRamp" nVehContrib="24" flow="48.00" occupancy="0.27" speed="23.76" length="4.79" nVehEntered="24"/>
   <interval begin="1800.00" end="3600.00" id="2905_OnRamp" nVehContrib="37" flow="74.00" occupancy="0.32" speed="32.84" length="5.05" nVehEntered="37"/>
   <interval begin="1800.00" end="3600.00" id="2906_OnRamp" nVehContrib="0" flow="0.00" occupancy="0.00" speed="-1.00" length="-1.00" nVehEntered="0"/>
   <interval begin="1800.00" end="3600.00" id="2907_OnRamp" nVehContrib="0" flow="0.00" occupancy="0.00" speed="-1.00" length="-1.00" nVehEntered="0"/>
   <interval begin="1800.00" end="3600.00" id="2908_OnRamp" nVehContrib="0" flow="0.00" occupancy="0.00" speed="-1.00" length="-1.00" nVehEntered="0"/>
   <interval begin="1800.00" end="3600.00" id="2909_OnRamp" nVehContrib="46" flow="92.00" occupancy="0.40" speed="33.63" length="5.15" nVehEntered="46"/>
   <interval begin="1800.00" end="3600.00" id="2910_OnRamp" nVehContrib="0" flow="0.00" occupancy="0.00" speed="-1.00" length="-1.00" nVehEntered="0"/>
   <interval begin="1800.00" end="3600.00" id="2911_OnRamp" nVehContrib="9" flow="18.00" occupancy="0.08" speed="35.58" length="5.22" nVehEntered="9"/>
   <interval begin="1800.00" end="3600.00" id="2912_OnRamp" nVehContrib="18" flow="36.00" occupancy="0.22" speed="23.24" length="5.08" nVehEntered="18"/>
   <interval begin="1800.00" end="3600.00" id="2913_OnRamp" nVehContrib="0" flow="0.00" occupancy="0.00" speed="-1.00" length="-1.00" nVehEntered="0"/>
   <interval begin="1800.00" end="3600.00" id="2914_OnRamp" nVehContrib="1" flow="2.00" occupancy="0.01" speed="19.25" length="4.50" nVehEntered="1"/>
   <interval begin="1800.00" end="3600.00" id="2915_OnRamp" nVehContrib="0" flow="0.00" occupancy="0.00" speed="-1.00" length="-1.00" nVehEntered="0"/>
   <interval begin="1800.00" end="3600.00" id="2924_OnRamp" nVehContrib="3" flow="6.00" occupancy="0.03" speed="31.26" length="4.83" nVehEntered="3"/>
   <interval begin="1800.00" end="3600.00" id="2925_OnRamp" nVehContrib="0" flow="0.00" occupancy="0.00" speed="-1.00" length="-1.00" nVehEntered="0"/>
   <interval begin="1800.00" end="3600.00" id="2926_OnRamp" nVehContrib="6" flow="12.00" occupancy="0.05" speed="34.59" length="4.92" nVehEntered="6"/>
   <interval begin="1800.00" end="3600.00" id="2927_OnRamp" nVehContrib="0" flow="0.00" occupancy="0.00" speed="-1.00" length="-1.00" nVehEntered="0"/>
   <interval begin="1800.00" end="3600.00" id="2941_OnRamp" nVehContrib="8" flow="16.00" occupancy="0.07" speed="33.24" length="4.94" nVehEntered="8"/>
   <interval begin="1800.00" end="3600.00" id="2942_OnRamp" nVehContrib="61" flow="122.00" occupancy="0.53" speed="33.46" length="5.15" nVehEntered="61"/>
   <interval begin="1800.00" end="3600.00" id="2943_OnRamp" nVehContrib="0" flow="0.00" occupancy="0.00" speed="-1.00" length="-1.00" nVehEntered="0"/>
   <interval begin="1800.00" end="3600.00" id="2944_OnRamp" nVehContrib="0" flow="0.00" occupancy="0.00" speed="-1.00" length="-1.00" nVehEntered="0"/>
   <interval begin="1800.00" end="3600.00" id="2947_OnRamp" nVehContrib="4" flow="8.00" occupancy="0.05" speed="25.39" length="5.62" nVehEntered="4"/>
   <interval begin="1800.00" end="3600.00" id="2948_OnRamp" nVehContrib="64" flow="128.00" occupancy="0.53" speed="34.02" length="5.04" nVehEntered="64"/>
   <interval begin="1800.00" end="3600.00" id="2949_OnRamp" nVehContrib="0" flow="0.00" occupancy="0.00" speed="-1.00" length="-1.00" nVehEntered="0"/>
   <interval begin="1800.00" end="3600.00" id="2950_OnRamp" nVehContrib="4" flow="8.00" occupancy="0.03" speed="37.95" length="5.12" nVehEntered="4"/>
   <interval begin="1800.00" end="3600.00" id="2963_OnRamp" nVehContrib="0" flow="0.00" occupancy="0.00" speed="-1.00" length="-1.00" nVehEntered="0"/>
   <interval begin="1800.00" end="3600.00" id="2964_OnRamp" nVehContrib="0" flow="0.00" occupancy="0.00" speed="-1.00" length="-1.00" nVehEntered="0"/>
   <interval begin="1800.00" end="3600.00" id="2965_OnRamp" nVehContrib="0" flow="0.00" occupancy="0.00" speed="-1.00" length="-1.00" nVehEntered="0"/>
   <interval begin="1800.00" end="3600.00" id="2966_OnRamp" nVehContrib="0" flow="0.00" occupancy="0.00" speed="-1.00" length="-1.00" nVehEntered="0"/>
   <interval begin="1800.00" end="3600.00" id="2970_OnRamp" nVehContrib="3" flow="6.00" occupancy="0.09" speed="21.24" length="5.33" nVehEntered="3"/>
   <interval begin="1800.00" end="3600.00" id="2971_OnRamp" nVehContrib="0" flow="0.00" occupancy="0.00" speed="-1.00" length="-1.00" nVehEntered="1"/>
   <interval begin="1800.00" end="3600.00" id="2972_OnRamp" nVehContrib="3" flow="6.00" occupancy="0.02" speed="31.64" length="4.50" nVehEntered="3"/>
   <interval begin="1800.00" end="3600.00" id="2973_OnRamp" nVehContrib="0" flow="0.00" occupancy="0.00" speed="-1.00" length="-1.00" nVehEntered="0"/>
   <interval begin="1800.00" end="3600.00" id="2976_OnRamp" nVehContrib="6" flow="12.00" occupancy="0.07" speed="26.70" length="5.08" nVehEntered="6"/>
   <interval begin="1800.00" end="3600.00" id="2977_OnRamp" nVehContrib="58" flow="116.00" occupancy="0.49" speed="34.09" length="5.06" nVehEntered="58"/>
   <interval begin="1800.00" end="3600.00" id="2978_OnRamp" nVehContrib="0" flow="0.00" occupancy="0.00" speed="-1.00" length="-1.00" nVehEntered="0"/>
   <interval begin="1800.00" end="3600.00" id="2979_OnRamp" nVehContrib="3" flow="6.00" occupancy="0.02" speed="38.07" length="4.83" nVehEntered="3"/>
   <interval begin="1800.00" end="3600.00" id="2980_OnRamp" nVehContrib="1" flow="2.00" occupancy="0.02" speed="22.15" length="7.00" nVehEntered="1"/>
   <interval begin="1800.00" end="3600.00" id="2981_OnRamp" nVehContrib="37" flow="74.00" occupancy="0.31" speed="33.20" length="4.91" nVehEntered="37"/>
   <interval begin="1800.00" end="3600.00" id="2982_OnRamp" nVehContrib="0" flow="0.00" occupancy="0.00" speed="-1.00" length="-1.00" nVehEntered="0"/>
   <interval begin="1800.00" end="3600.00" id="2983_OnRamp" nVehContrib="18" flow="36.00" occupancy="0.12" speed="39.43" length="4.83" nVehEntered="18"/>
   <interval begin="1800.00" end="3600.00" id="2986_OnRamp" nVehContrib="50" flow="100.00" occupancy="0.59" speed="24.00" length="5.07" nVehEntered="50"/>
   <interval begin="1800.00" end="3600.00" id="2987_OnRamp" nVehContrib="34" flow="68.00" occupancy="0.28" speed="33.67" length="4.85" nVehEntered="34"/>
   <interval begin="1800.00" end="3600.00" id="2988_OnRamp" nVehContrib="1" flow="2.00" occupancy="0.01" speed="37.80" length="4.50" nVehEntered="1"/>
   <interval begin="1800.00" end="3600.00" id="2989_OnRamp" nVehContrib="9" flow="18.00" occupancy="0.06" speed="39.57" length="4.67" nVehEntered="9"/>
   <interval begin="1800.00" end="3600.00" id="2991_OnRamp" nVehContrib="0" flow="0.00" occupancy="0.00" speed="-1.00" length="-1.00" nVehEntered="0"/>
   <interval begin="1800.00" end="3600.00" id="2992_OnRamp" nVehContrib="48" flow="96.00" occupancy="0.41" speed="33.74" length="5.04" nVehEntered="48"/>
   <interval begin="1800.00" end="3600.00" id="2993_OnRamp" nVehContrib="0" flow="0.00" occupancy="0.00" speed="-1.00" length="-1.00" nVehEntered="0"/>
   <interval begin="1800.00" end="3600.00" id="2994_OnRamp" nVehContrib="9" flow="18.00" occupancy="0.06" speed="37.41" length="4.61" nVehEntered="9"/>
   <interval begin="1800.00" end="3600.00" id="3000_OnRamp" nVehContrib="1" flow="2.00" occupancy="0.01" speed="32.48" length="5.00" nVehEntered="1"/>
   <interval begin="1800.00" end="3600.00" id="3001_OnRamp" nVehContrib="48" flow="96.00" occupancy="0.40" speed="33.98" length="5.02" nVehEntered="48"/>
   <interval begin="1800.00" end="3600.00" id="3002_OnRamp" nVehContrib="0" flow="0.00" occupancy="0.00" speed="-1.00" length="-1.00" nVehEntered="0"/>
   <interval begin="1800.00" end="3600.00" id="3003_OnRamp" nVehContrib="9" flow="18.00" occupancy="0.06" speed="37.40" length="4.61" nVehEntered="9"/>
   <interval begin="1800.00" end="3600.00" id="3043_OnRamp" nVehContrib="8" flow="16.00" occupancy="0.09" speed="24.24" length="4.88" nVehEntered="8"/>
   <interval begin="1800.00" end="3600.00" id="3044_OnRamp" nVehContrib="0" flow="0.00" occupancy="0.00" speed="-1.00" length="-1.00" nVehEntered="0"/>
   <interval begin="1800.00" end="3600.00" id="3045_OnRamp" nVehContrib="0" flow="0.00" occupancy="0.00" speed="-1.00" length="-1.00" nVehEntered="0"/>
   <interval begin="1800.00" end="3600.00" id="3046_OnRamp" nVehContrib="0" flow="0.00" occupancy="0.00" speed="-1.00" length="-1.00" nVehEntered="0"/>
   <interval begin="1800.00" end="3600.00" id="3053_OnRamp" nVehContrib="56" flow="112.00" occupancy="0.63" speed="25.14" length="5.03" nVehEntered="56"/>
   <interval begin="1800.00" end="3600.00" id="3054_OnRamp" nVehContrib="37" flow="74.00" occupancy="0.33" speed="33.58" length="5.27" nVehEntered="37"/>
   <interval begin="1800.00" end="3600.00" id="3055_OnRamp" nVehContrib="0" flow="0.00" occupancy="0.00" speed="-1.00" length="-1.00" nVehEntered="0"/>
   <interval begin="1800.00" end="3600.00" id="3056_OnRamp" nVehContrib="0" flow="0.00" occupancy="0.00" speed="-1.00" length="-1.00" nVehEntered="0"/>
   <interval begin="1800.00" end="3600.00" id="3057_OnRamp" nVehContrib="19" flow="38.00" occupancy="0.23" speed="23.51" length="5.18" nVehEntered="19"/>
   <interval begin="1800.00" end="3600.00" id="3058_OnRamp" nVehContrib="35" flow="70.00" occupancy="0.29" speed="35.08" length="5.11" nVehEntered="35"/>
   <interval begin="1800.00" end="3600.00" id="3059_OnRamp" nVehContrib="0" flow="0.00" occupancy="0.00" speed="-1.00" length="-1.00" nVehEntered="0"/>
   <interval begin="1800.00" end="3600.00" id="3060_OnRamp" nVehContrib="4" flow="8.00" occupancy="0.03" speed="36.79" length="5.25" nVehEntered="4"/>
   <interval begin="1800.00" end="3600.00" id="3072_OnRamp" nVehContrib="21" flow="42.00" occupancy="0.23" speed="26.18" length="5.17" nVehEntered="21"/>
   <interval begin="1800.00" end="3600.00" id="3073_OnRamp" nVehContrib="0" flow="0.00" occupancy="0.00" speed="-1.00" length="-1.00" nVehEntered="0"/>
   <interval begin="1800.00" end="3600.00" id="3074_OnRamp" nVehContrib="0" flow="0.00" occupancy="0.00" speed="-1.00" length="-1.00" nVehEntered="0"/>
   <interval begin="1800.00" end="3600.00" id="3075_OnRamp" nVehContrib="0" flow="0.00" occupancy="0.00" speed="-1.00" length="-1.00" nVehEntered="0"/>
   <interval begin="1800.00" end="3600.00" id="3076_OnRamp" nVehContrib="4" flow="8.00" occupancy="0.05" speed="23.51" length="5.12" nVehEntered="4"/>
   <interval begin="1800.00" end="3600.00" id="3077_OnRamp" nVehContrib="1" flow="2.00" occupancy="0.01" speed="29.30" length="5.50" nVehEntered="1"/>
   <interval begin="1800.00" end="3600.00" id="3078_OnRamp" nVehContrib="0" flow="0.00" occupancy="0.00" speed="-1.00" length="-1.00" nVehEntered="0"/>
   <interval begin="1800.00" end="3600.00" id="3079_OnRamp" nVehContrib="0" flow="0.00" occupancy="0.00" speed="-1.00" length="-1.00" nVehEntered="0"/>
   <interval begin="1800.00" end="3600.00" id="3081_OnRamp" nVehContrib="2" flow="4.00" occupancy="0.02" speed="24.92" length="5.00" nVehEntered="2"/>
   <interval begin="1800.00" end="3600.00" id="3082_OnRamp" nVehContrib="48" flow="96.00" occupancy="0.38" speed="34.73" length="4.89" nVehEntered="48"/>
   <interval begin="1800.00" end="3600.00" id="3083_OnRamp" nVehContrib="0" flow="0.00" occupancy="0.00" speed="-1.00" length="-1.00" nVehEntered="0"/>
   <interval begin="1800.00" end="3600.00" id="3084_OnRamp" nVehContrib="7" flow="14.00" occupancy="0.05" speed="39.32" length="4.79" nVehEntered="7"/>
   <interval begin="1800.00" end="3600.00" id="3087_OnRamp" nVehContrib="0" flow="0.00" occupancy="0.00" speed="-1.00" length="-1.00" nVehEntered="0"/>
   <interval begin="1800.00" end="3600.00" id="3088_OnRamp" nVehContrib="68" flow="136.00" occupancy="0.57" speed="34.22" length="5.10" nVehEntered="68"/>
   <interval begin="1800.00" end="3600.00" id="3089_OnRamp" nVehContrib="0" flow="0.00" occupancy="0.00" speed="-1.00" length="-1.00" nVehEntered="0"/>
   <interval begin="1800.00" end="3600.00" id="3090_OnRamp" nVehContrib="1" flow="2.00" occupancy="0.01" speed="30.81" length="4.50" nVehEntered="1"/>
   <interval begin="1800.00" end="3600.00" id="3096_OnRamp" nVehContrib="0" flow="0.00" occupancy="0.00" speed="-1.00" length="-1.00" nVehEntered="0"/>
   <interval begin="1800.00" end="3600.00" id="3097_OnRamp" nVehContrib="45" flow="90.00" occupancy="0.39" speed="33.70" length="5.14" nVehEntered="45"/>
   <interval begin="1800.00" end="3600.00" id="3098_OnRamp" nVehContrib="0" flow="0.00" occupancy="0.00" speed="-1.00" length="-1.00" nVehEntered="0"/>
   <interval begin="1800.00" end="3600.00" id="3099_OnRamp" nVehContrib="10" flow="20.00" occupancy="0.08" speed="36.29" length="5.15" nVehEntered="10"/>
   <interval begin="1800.00" end="3600.00" id="3114_OnRamp" nVehContrib="46" flow="92.00" occupancy="0.55" speed="22.61" length="4.85" nVehEntered="46"/>
   <interval begin="1800.00" end="3600.00" id="3115_OnRamp" nVehContrib="21" flow="42.00" occupancy="0.18" speed="33.89" length="5.17" nVehEntered="21"/>
   <interval begin="1800.00" end="3600.00" id="3116_OnRamp" nVehContrib="0" flow="0.00" occupancy="0.00" speed="-1.00" length="-1.00" nVehEntered="0"/>
   <interval begin="1800.00" end="3600.00" id="3117_OnRamp" nVehContrib="0" flow="0.00" occupancy="0.00" speed="-1.00" length="-1.00" nVehEntered="0"/>
   <interval begin="1800.00" end="3600.00" id="3121_OnRamp" nVehContrib="8" flow="16.00" occupancy="0.08" speed="25.67" length="4.62" nVehEntered="8"/>
   <interval begin="1800.00" end="3600.00" id="3122_OnRamp" nVehContrib="39" flow="78.00" occupancy="0.33" speed="33.34" length="4.94" nVehEntered="39"/>
   <interval begin="1800.00" end="3600.00" id="3123_OnRamp" nVehContrib="0" flow="0.00" occupancy="0.00" speed="-1.00" length="-1.00" nVehEntered="0"/>
   <interval begin="1800.00" end="3600.00" id="3124_OnRamp" nVehContrib="17" flow="34.00" occupancy="0.12" speed="39.60" length="4.85" nVehEntered="17"/>
   <interval begin="1800.00" end="3600.00" id="3132_OnRamp" nVehContrib="51" flow="102.00" occupancy="0.62" speed="23.56" length="5.12" nVehEntered="51"/>
   <interval begin="1800.00" end="3600.00" id="3133_OnRamp" nVehContrib="18" flow="36.00" occupancy="0.15" speed="35.08" length="5.08" nVehEntered="18"/>
   <interval begin="1800.00" end="3600.00" id="3134_OnRamp" nVehContrib="0" flow="0.00" occupancy="0.00" speed="-1.00" length="-1.00" nVehEntered="0"/>
   <interval begin="1800.00" end="3600.00" id="3135_OnRamp" nVehContrib="1" flow="2.00" occupancy="0.01" speed="30.24" length="4.50" nVehEntered="1"/>
   <interval begin="3600.00" end="5400.00" id="2853_OnRamp" nVehContrib="0" flow="0.00" occupancy="0.00" speed="-1.00" length="-1.00" nVehEntered="0"/>
   <interval begin="3600.00" end="5400.00" id="2854_OnRamp" nVehContrib="77" flow="154.00" occupancy="0.62" speed="34.40" length="4.93" nVehEntered="77"/>
   <interval begin="3600.00" end="5400.00" id="2855_OnRamp" nVehContrib="0" flow="0.00" occupancy="0.00" speed="-1.00" length="-1.00" nVehEntered="0"/>
   <interval begin="3600.00" end="5400.00" id="2856_OnRamp" nVehContrib="30" flow="60.00" occupancy="0.22" speed="36.97" length="4.78" nVehEntered="30"/>
   <interval begin="3600.00" end="5400.00" id="2900_OnRamp" nVehContrib="3" flow="6.00" occupancy="0.03" speed="22.79" length="4.67" nVehEntered="3"/>
   <interval begin="3600.00" end="5400.00" id="2901_OnRamp" nVehContrib="1" flow="2.00" occupancy="0.01" speed="36.64" length="4.50" nVehEntered="1"/>
   <interval begin="3600.00" end="5400.00" id="2902_OnRamp" nVehContrib="0" flow="0.00" occupancy="0.00" speed="-1.00" length="-1.00" nVehEntered="0"/>
   <interval begin="3600.00" end="5400.00" id="2903_OnRamp" nVehContrib="0" flow="0.00" occupancy="0.00" speed="-1.00" length="-1.00" nVehEntered="0"/>
   <interval begin="3600.00" end="5400.00" id="2904_OnRamp" nVehContrib="36" flow="72.00" occupancy="0.41" speed="24.06" length="4.88" nVehEntered="36"/>
   <interval begin="3600.00" end="5400.00" id="2905_OnRamp" nVehContrib="72" flow="144.00" occupancy="0.61" speed="33.26" length="4.96" nVehEntered="72"/>
   <interval begin="3600.00" end="5400.00" id="2906_OnRamp" nVehContrib="0" flow="0.00" occupancy="0.00" speed="-1.00" length="-1.00" nVehEntered="0"/>
   <interval begin="3600.00" end="5400.00" id="2907_OnRamp" nVehContrib="1" flow="2.00" occupancy="0.01" speed="38.32" length="6.00" nVehEntered="1"/>
   <interval begin="3600.00" end="5400.00" id="2908_OnRamp" nVehContrib="0" flow="0.00" occupancy="0.00" speed="-1.00" length="-1.00" nVehEntered="0"/>
   <interval begin="3600.00" end="5400.00" id="2909_OnRamp" nVehContrib="64" flow="128.00" occupancy="0.52" speed="34.12" length="4.92" nVehEntered="64"/>
   <interval begin="3600.00" end="5400.00" id="2910_OnRamp" nVehContrib="0" flow="0.00" occupancy="0.00" speed="-1.00" length="-1.00" nVehEntered="0"/>
   <interval begin="3600.00" end="5400.00" id="2911_OnRamp" nVehContrib="30" flow="60.00" occupancy="0.22" speed="36.88" length="4.77" nVehEntered="30"/>
   <interval begin="3600.00" end="5400.00" id="2912_OnRamp" nVehContrib="27" flow="54.00" occupancy="0.33" speed="23.13" length="5.00" nVehEntered="27"/>
   <interval begin="3600.00" end="5400.00" id="2913_OnRamp" nVehContrib="0" flow="0.00" occupancy="0.00" speed="-1.00" length="-1.00" nVehEntered="0"/>
   <interval begin="3600.00" end="5400.00" id="2914_OnRamp" nVehContrib="1" flow="2.00" occupancy="0.01" speed="34.21" length="4.50" nVehEntered="2"/>
   <interval begin="3600.00" end="5400.00" id="2915_OnRamp" nVehContrib="1" flow="2.00" occupancy="0.06" speed="4.47" length="4.50" nVehEntered="1"/>
   <interval begin="3600.00" end="5400.00" id="2924_OnRamp" nVehContrib="8" flow="16.00" occupancy="0.07" speed="30.45" length="4.88" nVehEntered="8"/>
   <interval begin="3600.00" end="5400.00" id="2925_OnRamp" nVehContrib="3" flow="6.00" occupancy="0.03" speed="27.74" length="4.83" nVehEntered="3"/>
   <interval begin="3600.00" end="5400.00" id="2926_OnRamp" nVehContrib="11" flow="22.00" occupancy="0.09" speed="33.57" length="4.95" nVehEntered="11"/>
   <interval begin="3600.00" end="5400.00" id="2927_OnRamp" nVehContrib="0" flow="0.00" occupancy="0.00" speed="-1.00" length="-1.00" nVehEntered="0"/>
   <interval begin="3600.00" end="5400.00" id="2941_OnRamp" nVehContrib="22" flow="44.00" occupancy="0.19" speed="32.24" length="4.95" nVehEntered="22"/>
   <interval begin="3600.00" end="5400.00" id="2942_OnRamp" nVehContrib="87" flow="174.00" occupancy="0.71" speed="34.12" length="4.95" nVehEntered="87"/>
   <interval begin="3600.00" end="5400.00" id="2943_OnRamp" nVehContrib="0" flow="0.00" occupancy="0.00" speed="-1.00" length="-1.00" nVehEntered="0"/>
   <interval begin="3600.00" end="5400.00" id="2944_OnRamp" nVehContrib="0" flow="0.00" occupancy="0.00" speed="-1.00" length="-1.00" nVehEntered="0"/>
   <interval begin="3600.00" end="5400.00" id="2947_OnRamp" nVehContrib="7" flow="14.00" occupancy="0.07" speed="28.20" length="4.79" nVehEntered="7"/>
   <interval begin="3600.00" end="5400.00" id="2948_OnRamp" nVehContrib="100" flow="200.00" occupancy="0.84" speed="34.01" length="5.04" nVehEntered="100"/>
   <interval begin="3600.00" end="5400.00" id="2949_OnRamp" nVehContrib="0" flow="0.00" occupancy="0.00" speed="-1.00" length="-1.00" nVehEntered="0"/>
   <interval begin="3600.00" end="5400.00" id="2950_OnRamp" nVehContrib="23" flow="46.00" occupancy="0.16" speed="37.15" length="4.76" nVehEntered="23"/>
   <interval begin="3600.00" end="5400.00" id="2963_OnRamp" nVehContrib="1" flow="2.00" occupancy="0.01" speed="33.10" length="6.00" nVehEntered="1"/>
   <interval begin="3600.00" end="5400.00" id="2964_OnRamp" nVehContrib="0" flow="0.00" occupancy="0.00" speed="-1.00" length="-1.00" nVehEntered="0"/>
   <interval begin="3600.00" end="5400.00" id="2965_OnRamp" nVehContrib="0" flow="0.00" occupancy="0.00" speed="-1.00" length="-1.00" nVehEntered="0"/>
   <interval begin="3600.00" end="5400.00" id="2966_OnRamp" nVehContrib="0" flow="0.00" occupancy="0.00" speed="-1.00" length="-1.00" nVehEntered="0"/>
   <interval begin="3600.00" end="5400.00" id="2970_OnRamp" nVehContrib="9" flow="18.00" occupancy="0.09" speed="29.59" length="5.28" nVehEntered="9"/>
   <interval begin="3600.00" end="5400.00" id="2971_OnRamp" nVehContrib="3" flow="6.00" occupancy="0.07" speed="18.83" length="5.00" nVehEntered="3"/>
   <interval begin="3600.00" end="5400.00" id="2972_OnRamp" nVehContrib="4" flow="8.00" occupancy="0.03" speed="31.26" length="4.62" nVehEntered="4"/>
   <interval begin="3600.00" end="5400.00" id="2973_OnRamp" nVehContrib="0" flow="0.00" occupancy="0.00" speed="-1.00" length="-1.00" nVehEntered="0"/>
   <interval begin="3600.00" end="5400.00" id="2976_OnRamp" nVehContrib="5" flow="10.00" occupancy="0.05" speed="28.54" length="4.70" nVehEntered="5"/>
   <interval begin="3600.00" end="5400.00" id="2977_OnRamp" nVehContrib="102" flow="204.00" occupancy="0.85" speed="34.20" length="5.03" nVehEntered="102"/>
   <interval begin="3600.00" end="5400.00" id="2978_OnRamp" nVehContrib="0" flow="0.00" occupancy="0.00" speed="-1.00" length="-1.00" nVehEntered="0"/>
   <interval begin="3600.00" end="5400.00" id="2979_OnRamp" nVehContrib="24" flow="48.00" occupancy="0.18" speed="37.35" length="4.85" nVehEntered="24"/>
   <interval begin="3600.00" end="5400.00" id="2980_OnRamp" nVehContrib="2" flow="4.00" occupancy="0.02" speed="30.29" length="4.75" nVehEntered="2"/>
   <interval begin="3600.00" end="5400.00" id="2981_OnRamp" nVehContrib="75" flow="150.00" occupancy="0.66" speed="32.38" length="5.08" nVehEntered="75"/>
   <interval begin="3600.00" end="5400.00" id="2982_OnRamp" nVehContrib="0" flow="0.00" occupancy="0.00" speed="-1.00" length="-1.00" nVehEntered="0"/>
   <interval begin="3600.00" end="5400.00" id="2983_OnRamp" nVehContrib="39" flow="78.00" occupancy="0.29" speed="37.33" length="4.88" nVehEntered="39"/>
   <interval begin="3600.00" end="5400.00" id="2986_OnRamp" nVehContrib="79" flow="158.00" occupancy="0.91" speed="24.17" length="4.96" nVehEntered="79"/>
   <interval begin="3600.00" end="5400.00" id="2987_OnRamp" nVehContrib="66" flow="132.00" occupancy="0.56" speed="33.42" length="4.98" nVehEntered="66"/>
   <interval begin="3600.00" end="5400.00" id="2988_OnRamp" nVehContrib="3" flow="6.00" occupancy="0.02" speed="36.69" length="4.83" nVehEntered="3"/>
   <interval begin="3600.00" end="5400.00" id="2989_OnRamp" nVehContrib="21" flow="42.00" occupancy="0.16" speed="37.64" length="4.93" nVehEntered="21"/>
   <interval begin="3600.00" end="5400.00" id="2991_OnRamp" nVehContrib="0" flow="0.00" occupancy="0.00" speed="-1.00" length="-1.00" nVehEntered="0"/>
   <interval begin="3600.00" end="5400.00" id="2992_OnRamp" nVehContrib="72" flow="144.00" occupancy="0.58" speed="34.20" length="4.83" nVehEntered="72"/>
   <interval begin="3600.00" end="5400.00" id="2993_OnRamp" nVehContrib="0" flow="0.00" occupancy="0.00" speed="-1.00" length="-1.00" nVehEntered="0"/>
   <interval begin="3600.00" end="5400.00" id="2994_OnRamp" nVehContrib="29" flow="58.00" occupancy="0.25" speed="34.88" length="5.24" nVehEntered="29"/>
   <interval begin="3600.00" end="5400.00" id="3000_OnRamp" nVehContrib="1" flow="2.00" occupancy="0.01" speed="26.62" length="4.50" nVehEntered="1"/>
   <interval begin="3600.00" end="5400.00" id="3001_OnRamp" nVehContrib="75" flow="150.00" occupancy="0.60" speed="34.57" length="4.85" nVehEntered="75"/>
   <interval begin="3600.00" end="5400.00" id="3002_OnRamp" nVehContrib="0" flow="0.00" occupancy="0.00" speed="-1.00" length="-1.00" nVehEntered="0"/>
   <interval begin="3600.00" end="5400.00" id="3003_OnRamp" nVehContrib="30" flow="60.00" occupancy="0.25" speed="35.05" length="5.23" nVehEntered="30"/>
   <interval begin="3600.00" end="5400.00" id="3043_OnRamp" nVehContrib="16" flow="32.00" occupancy="0.18" speed="24.48" length="4.91" nVehEntered="16"/>
   <interval begin="3600.00" end="5400.00" id="3044_OnRamp" nVehContrib="0" flow="0.00" occupancy="0.00" speed="-1.00" length="-1.00" nVehEntered="0"/>
   <interval begin="3600.00" end="5400.00" id="3045_OnRamp" nVehContrib="0" flow="0.00" occupancy="0.00" speed="-1.00" length="-1.00" nVehEntered="0"/>
   <interval begin="3600.00" end="5400.00" id="3046_OnRamp" nVehContrib="0" flow="0.00" occupancy="0.00" speed="-1.00" length="-1.00" nVehEntered="0"/>
   <interval begin="3600.00" end="5400.00" id="3053_OnRamp" nVehContrib="101" flow="202.00" occupancy="1.19" speed="23.96" length="5.00" nVehEntered="101"/>
   <interval begin="3600.00" end="5400.00" id="3054_OnRamp" nVehContrib="71" flow="142.00" occupancy="0.57" speed="34.45" length="4.87" nVehEntered="71"/>
   <interval begin="3600.00" end="5400.00" id="3055_OnRamp" nVehContrib="0" flow="0.00" occupancy="0.00" speed="-1.00" length="-1.00" nVehEntered="0"/>
   <interval begin="3600.00" end="5400.00" id="3056_OnRamp" nVehContrib="1" flow="2.00" occupancy="0.01" speed="41.68" length="5.00" nVehEntered="1"/>
   <interval begin="3600.00" end="5400.00" id="3057_OnRamp" nVehContrib="28" flow="56.00" occupancy="0.32" speed="24.14" length="4.98" nVehEntered="28"/>
   <interval begin="3600.00" end="5400.00" id="3058_OnRamp" nVehContrib="76" flow="152.00" occupancy="0.60" speed="34.85" length="4.91" nVehEntered="76"/>
   <interval begin="3600.00" end="5400.00" id="3059_OnRamp" nVehContrib="0" flow="0.00" occupancy="0.00" speed="-1.00" length="-1.00" nVehEntered="0"/>
   <interval begin="3600.00" end="5400.00" id="3060_OnRamp" nVehContrib="19" flow="38.00" occupancy="0.13" speed="37.88" length="4.71" nVehEntered="19"/>
   <interval begin="3600.00" end="5400.00" id="3072_OnRamp" nVehContrib="41" flow="82.00" occupancy="0.44" speed="26.47" length="5.04" nVehEntered="41"/>
   <interval begin="3600.00" end="5400.00" id="3073_OnRamp" nVehContrib="0" flow="0.00" occupancy="0.00" speed="-1.00" length="-1.00" nVehEntered="0"/>
   <interval begin="3600.00" end="5400.00" id="3074_OnRamp" nVehContrib="0" flow="0.00" occupancy="0.00" speed="-1.00" length="-1.00" nVehEntered="0"/>
   <interval begin="3600.00" end="5400.00" id="3075_OnRamp" nVehContrib="0" flow="0.00" occupancy="0.00" speed="-1.00" length="-1.00" nVehEntered="0"/>
   <interval begin="3600.00" end="5400.00" id="3076_OnRamp" nVehContrib="1" flow="2.00" occupancy="0.02" speed="16.44" length="5.00" nVehEntered="1"/>
   <interval begin="3600.00" end="5400.00" id="3077_OnRamp" nVehContrib="1" flow="2.00" occupancy="0.01" speed="33.75" length="6.00" nVehEntered="1"/>
   <interval begin="3600.00" end="5400.00" id="3078_OnRamp" nVehContrib="0" flow="0.00" occupancy="0.00" speed="-1.00" length="-1.00" nVehEntered="0"/>
   <interval begin="3600.00" end="5400.00" id="3079_OnRamp" nVehContrib="0" flow="0.00" occupancy="0.00" speed="-1.00" length="-1.00" nVehEntered="0"/>
   <interval begin="3600.00" end="5400.00" id="3081_OnRamp" nVehContrib="0" flow="0.00" occupancy="0.00" speed="-1.00" length="-1.00" nVehEntered="0"/>
   <interval begin="3600.00" end="5400.00" id="3082_OnRamp" nVehContrib="96" flow="192.00" occupancy="0.82" speed="33.43" length="5.06" nVehEntered="96"/>
   <interval begin="3600.00" end="5400.00" id="3083_OnRamp" nVehContrib="0" flow="0.00" occupancy="0.00" speed="-1.00" length="-1.00" nVehEntered="0"/>
   <interval begin="3600.00" end="5400.00" id="3084_OnRamp" nVehContrib="20" flow="40.00" occupancy="0.14" speed="38.58" length="4.80" nVehEntered="20"/>
   <interval begin="3600.00" end="5400.00" id="3087_OnRamp" nVehContrib="0" flow="0.00" occupancy="0.00" speed="-1.00" length="-1.00" nVehEntered="0"/>
   <interval begin="3600.00" end="5400.00" id="3088_OnRamp" nVehContrib="100" flow="200.00" occupancy="0.86" speed="32.88" length="5.04" nVehEntered="100"/>
   <interval begin="3600.00" end="5400.00" id="3089_OnRamp" nVehContrib="0" flow="0.00" occupancy="0.00" speed="-1.00" length="-1.00" nVehEntered="0"/>
   <interval begin="3600.00" end="5400.00" id="3090_OnRamp" nVehContrib="1" flow="2.00" occupancy="0.01" speed="37.10" length="4.50" nVehEntered="1"/>
   <interval begin="3600.00" end="5400.00" id="3096_OnRamp" nVehContrib="1" flow="2.00" occupancy="0.01" speed="26.17" length="4.50" nVehEntered="1"/>
   <interval begin="3600.00" end="5400.00" id="3097_OnRamp" nVehContrib="67" flow="134.00" occupancy="0.54" speed="34.39" length="4.92" nVehEntered="67"/>
   <interval begin="3600.00" end="5400.00" id="3098_OnRamp" nVehContrib="0" flow="0.00" occupancy="0.00" speed="-1.00" length="-1.00" nVehEntered="0"/>
   <interval begin="3600.00" end="5400.00" id="3099_OnRamp" nVehContrib="29" flow="58.00" occupancy="0.21" speed="36.69" length="4.78" nVehEntered="29"/>
   <interval begin="3600.00" end="5400.00" id="3114_OnRamp" nVehContrib="76" flow="152.00" occupancy="0.97" speed="21.95" length="5.04" nVehEntered="76"/>
   <interval begin="3600.00" end="5400.00" id="3115_OnRamp" nVehContrib="40" flow="80.00" occupancy="0.33" speed="34.79" length="5.05" nVehEntered="40"/>
   <interval begin="3600.00" end="5400.00" id="3116_OnRamp" nVehContrib="0" flow="0.00" occupancy="0.00" speed="-1.00" length="-1.00" nVehEntered="0"/>
   <interval begin="3600.00" end="5400.00" id="3117_OnRamp" nVehContrib="0" flow="0.00" occupancy="0.00" speed="-1.00" length="-1.00" nVehEntered="0"/>
   <interval begin="3600.00" end="5400.00" id="3121_OnRamp" nVehContrib="23" flow="46.00" occupancy="0.24" speed="26.35" length="4.83" nVehEntered="23"/>
   <interval begin="3600.00" end="5400.00" id="3122_OnRamp" nVehContrib="69" flow="138.00" occupancy="0.61" speed="32.49" length="5.11" nVehEntered="69"/>
   <interval begin="3600.00" end="5400.00" id="3123_OnRamp" nVehContrib="0" flow="0.00" occupancy="0.00" speed="-1.00" length="-1.00" nVehEntered="0"/>
   <interval begin="3600.00" end="5400.00" id="3124_OnRamp" nVehContrib="39" flow="78.00" occupancy="0.29" speed="37.36" length="4.88" nVehEntered="39"/>
   <interval begin="3600.00" end="5400.00" id="3132_OnRamp" nVehContrib="73" flow="146.00" occupancy="0.88" speed="23.51" length="5.06" nVehEntered="73"/>
   <interval begin="3600.00" end="5400.00" id="3133_OnRamp" nVehContrib="27" flow="54.00" occupancy="0.23" speed="33.30" length="4.94" nVehEntered="27"/>
   <interval begin="3600.00" end="5400.00" id="3134_OnRamp" nVehContrib="0" flow="0.00" occupancy="0.00" speed="-1.00" length="-1.00" nVehEntered="0"/>
   <interval begin="3600.00" end="5400.00" id="3135_OnRamp" nVehContrib="1" flow="2.00" occupancy="0.01" speed="37.74" length="4.50" nVehEntered="1"/>
   <interval begin="5400.00" end="7200.00" id="2853_OnRamp" nVehContrib="2" flow="4.00" occupancy="0.02" speed="37.95" length="5.50" nVehEntered="2"/>
   <interval begin="5400.00" end="7200.00" id="2854_OnRamp" nVehContrib="88" flow="176.00" occupancy="0.74" speed="33.99" length="5.04" nVehEntered="88"/>
   <interval begin="5400.00" end="7200.00" id="2855_OnRamp" nVehContrib="0" flow="0.00" occupancy="0.00" speed="-1.00" length="-1.00" nVehEntered="0"/>
   <interval begin="5400.00" end="7200.00" id="2856_OnRamp" nVehContrib="32" flow="64.00" occupancy="0.25" speed="35.89" length="4.98" nVehEntered="32"/>
   <interval begin="5400.00" end="7200.00" id="2900_OnRamp" nVehContrib="2" flow="4.00" occupancy="0.02" speed="21.63" length="4.75" nVehEntered="2"/>
   <interval begin="5400.00" end="7200.00" id="2901_OnRamp" nVehContrib="0" flow="0.00" occupancy="0.00" speed="-1.00" length="-1.00" nVehEntered="0"/>
   <interval begin="5400.00" end="7200.00" id="2902_OnRamp" nVehContrib="0" flow="0.00" occupancy="0.00" speed="-1.00" length="-1.00" nVehEntered="0"/>
   <interval begin="5400.00" end="7200.00" id="2903_OnRamp" nVehContrib="0" flow="0.00" occupancy="0.00" speed="-1.00" length="-1.00" nVehEntered="0"/>
   <interval begin="5400.00" end="7200.00" id="2904_OnRamp" nVehContrib="39" flow="78.00" occupancy="0.47" speed="23.48" length="5.06" nVehEntered="39"/>
   <interval begin="5400.00" end="7200.00" id="2905_OnRamp" nVehContrib="93" flow="186.00" occupancy="0.78" speed="33.80" length="5.03" nVehEntered="93"/>
   <interval begin="5400.00" end="7200.00" id="2906_OnRamp" nVehContrib="0" flow="0.00" occupancy="0.00" speed="-1.00" length="-1.00" nVehEntered="0"/>
   <interval begin="5400.00" end="7200.00" id="2907_OnRamp" nVehContrib="1" flow="2.00" occupancy="0.01" speed="42.40" length="5.00" nVehEntered="1"/>
   <interval begin="5400.00" end="7200.00" id="2908_OnRamp" nVehContrib="0" flow="0.00" occupancy="0.00" speed="-1.00" length="-1.00" nVehEntered="0"/>
   <interval begin="5400.00" end="7200.00" id="2909_OnRamp" nVehContrib="80" flow="160.00" occupancy="0.69" speed="33.18" length="5.08" nVehEntered="80"/>
   <interval begin="5400.00" end="7200.00" id="2910_OnRamp" nVehContrib="0" flow="0.00" occupancy="0.00" speed="-1.00" length="-1.00" nVehEntered="0"/>
   <interval begin="5400.00" end="7200.00" id="2911_OnRamp" nVehContrib="47" flow="94.00" occupancy="0.37" speed="35.61" length="4.97" nVehEntered="47"/>
   <interval begin="5400.00" end="7200.00" id="2912_OnRamp" nVehContrib="34" flow="68.00" occupancy="0.42" speed="23.45" length="5.24" nVehEntered="34"/>
   <interval begin="5400.00" end="7200.00" id="2913_OnRamp" nVehContrib="1" flow="2.00" occupancy="0.01" speed="29.56" length="4.50" nVehEntered="1"/>
   <interval begin="5400.00" end="7200.00" id="2914_OnRamp" nVehContrib="1" flow="2.00" occupancy="0.02" speed="19.44" length="6.00" nVehEntered="1"/>
   <interval begin="5400.00" end="7200.00" id="2915_OnRamp" nVehContrib="2" flow="4.00" occupancy="0.02" speed="30.39" length="4.50" nVehEntered="2"/>
   <interval begin="5400.00" end="7200.00" id="2924_OnRamp" nVehContrib="4" flow="8.00" occupancy="0.04" speed="30.51" length="4.75" nVehEntered="4"/>
   <interval begin="5400.00" end="7200.00" id="2925_OnRamp" nVehContrib="0" flow="0.00" occupancy="0.00" speed="-1.00" length="-1.00" nVehEntered="0"/>
   <interval begin="5400.00" end="7200.00" id="2926_OnRamp" nVehContrib="10" flow="20.00" occupancy="0.08" speed="35.50" length="4.90" nVehEntered="10"/>
   <interval begin="5400.00" end="7200.00" id="2927_OnRamp" nVehContrib="0" flow="0.00" occupancy="0.00" speed="-1.00" length="-1.00" nVehEntered="0"/>
   <interval begin="5400.00" end="7200.00" id="2941_OnRamp" nVehContrib="19" flow="38.00" occupancy="0.16" speed="32.97" length="5.00" nVehEntered="19"/>
   <interval begin="5400.00" end="7200.00" id="2942_OnRamp" nVehContrib="103" flow="206.00" occupancy="0.87" speed="33.88" length="5.08" nVehEntered="103"/>
   <interval begin="5400.00" end="7200.00" id="2943_OnRamp" nVehContrib="0" flow="0.00" occupancy="0.00" speed="-1.00" length="-1.00" nVehEntered="0"/>
   <interval begin="5400.00" end="7200.00" id="2944_OnRamp" nVehContrib="0" flow="0.00" occupancy="0.00" speed="-1.00" length="-1.00" nVehEntered="0"/>
   <interval begin="5400.00" end="7200.00" id="2947_OnRamp" nVehContrib="6" flow="12.00" occupancy="0.05" speed="29.70" length="4.75" nVehEntered="6"/>
   <interval begin="5400.00" end="7200.00" id="2948_OnRamp" nVehContrib="118" flow="236.00" occupancy="0.99" speed="34.05" length="5.06" nVehEntered="118"/>
   <interval begin="5400.00" end="7200.00" id="2949_OnRamp" nVehContrib="0" flow="0.00" occupancy="0.00" speed="-1.00" length="-1.00" nVehEntered="0"/>
   <interval begin="5400.00" end="7200.00" id="2950_OnRamp" nVehContrib="27" flow="54.00" occupancy="0.20" speed="37.24" length="4.94" nVehEntered="27"/>
   <interval begin="5400.00" end="7200.00" id="2963_OnRamp" nVehContrib="1" flow="2.00" occupancy="0.01" speed="22.99" length="4.50" nVehEntered="1"/>
   <interval begin="5400.00" end="7200.00" id="2964_OnRamp" nVehContrib="0" flow="0.00" occupancy="0.00" speed="-1.00" length="-1.00" nVehEntered="0"/>
   <interval begin="5400.00" end="7200.00" id="2965_OnRamp" nVehContrib="0" flow="0.00" occupancy="0.00" speed="-1.00" length="-1.00" nVehEntered="0"/>
   <interval begin="5400.00" end="7200.00" id="2966_OnRamp" nVehContrib="0" flow="0.00" occupancy="0.00" speed="-1.00" length="-1.00" nVehEntered="0"/>
   <interval begin="5400.00" end="7200.00" id="2970_OnRamp" nVehContrib="12" flow="24.00" occupancy="0.18" speed="25.11" length="4.92" nVehEntered="12"/>
   <interval begin="5400.00" end="7200.00" id="2971_OnRamp" nVehContrib="0" flow="0.00" occupancy="0.00" speed="-1.00" length="-1.00" nVehEntered="1"/>
   <interval begin="5400.00" end="7200.00" id="2972_OnRamp" nVehContrib="4" flow="8.00" occupancy="0.03" speed="32.03" length="5.00" nVehEntered="4"/>
   <interval begin="5400.00" end="7200.00" id="2973_OnRamp" nVehContrib="0" flow="0.00" occupancy="0.00" speed="-1.00" length="-1.00" nVehEntered="0"/>
   <interval begin="5400.00" end="7200.00" id="2976_OnRamp" nVehContrib="4" flow="8.00" occupancy="0.04" speed="27.92" length="5.00" nVehEntered="4"/>
   <interval begin="5400.00" end="7200.00" id="2977_OnRamp" nVehContrib="117" flow="234.00" occupancy="0.97" speed="34.48" length="5.05" nVehEntered="117"/>
   <interval begin="5400.00" end="7200.00" id="2978_OnRamp" nVehContrib="0" flow="0.00" occupancy="0.00" speed="-1.00" length="-1.00" nVehEntered="0"/>
   <interval begin="5400.00" end="7200.00" id="2979_OnRamp" nVehContrib="28" flow="56.00" occupancy="0.21" speed="37.02" length="4.93" nVehEntered="28"/>
   <interval begin="5400.00" end="7200.00" id="2980_OnRamp" nVehContrib="1" flow="2.00" occupancy="0.01" speed="23.37" length="4.50" nVehEntered="1"/>
   <interval begin="5400.00" end="7200.00" id="2981_OnRamp" nVehContrib="76" flow="152.00" occupancy="0.68" speed="32.92" length="5.23" nVehEntered="76"/>
   <interval begin="5400.00" end="7200.00" id="2982_OnRamp" nVehContrib="0" flow="0.00" occupancy="0.00" speed="-1.00" length="-1.00" nVehEntered="0"/>
   <interval begin="5400.00" end="7200.00" id="2983_OnRamp" nVehContrib="42" flow="84.00" occupancy="0.31" speed="37.59" length="4.92" nVehEntered="42"/>
   <interval begin="5400.00" end="7200.00" id="2986_OnRamp" nVehContrib="94" flow="188.00" occupancy="1.09" speed="24.49" length="5.05" nVehEntered="94"/>
   <interval begin="5400.00" end="7200.00" id="2987_OnRamp" nVehContrib="71" flow="142.00" occupancy="0.62" speed="33.77" length="5.19" nVehEntered="71"/>
   <interval begin="5400.00" end="7200.00" id="2988_OnRamp" nVehContrib="0" flow="0.00" occupancy="0.00" speed="-1.00" length="-1.00" nVehEntered="0"/>
   <interval begin="5400.00" end="7200.00" id="2989_OnRamp" nVehContrib="20" flow="40.00" occupancy="0.14" speed="38.33" length="4.72" nVehEntered="20"/>
   <interval begin="5400.00" end="7200.00" id="2991_OnRamp" nVehContrib="0" flow="0.00" occupancy="0.00" speed="-1.00" length="-1.00" nVehEntered="0"/>
   <interval begin="5400.00" end="7200.00" id="2992_OnRamp" nVehContrib="94" flow="188.00" occupancy="0.79" speed="33.95" length="5.05" nVehEntered="94"/>
   <interval begin="5400.00" end="7200.00" id="2993_OnRamp" nVehContrib="0" flow="0.00" occupancy="0.00" speed="-1.00" length="-1.00" nVehEntered="0"/>
   <interval begin="5400.00" end="7200.00" id="2994_OnRamp" nVehContrib="38" flow="76.00" occupancy="0.31" speed="34.28" length="4.93" nVehEntered="38"/>
   <interval begin="5400.00" end="7200.00" id="3000_OnRamp" nVehContrib="3" flow="6.00" occupancy="0.03" speed="33.02" length="4.83" nVehEntered="3"/>
   <interval begin="5400.00" end="7200.00" id="3001_OnRamp" nVehContrib="94" flow="188.00" occupancy="0.79" speed="34.15" length="5.08" nVehEntered="94"/>
   <interval begin="5400.00" end="7200.00" id="3002_OnRamp" nVehContrib="0" flow="0.00" occupancy="0.00" speed="-1.00" length="-1.00" nVehEntered="0"/>
   <interval begin="5400.00" end="7200.00" id="3003_OnRamp" nVehContrib="39" flow="78.00" occupancy="0.31" speed="35.00" length="4.92" nVehEntered="39"/>
   <interval begin="5400.00" end="7200.00" id="3043_OnRamp" nVehContrib="12" flow="24.00" occupancy="0.14" speed="23.54" length="4.92" nVehEntered="12"/>
   <interval begin="5400.00" end="7200.00" id="3044_OnRamp" nVehContrib="1" flow="2.00" occupancy="0.01" speed="24.87" length="4.50" nVehEntered="1"/>
   <interval begin="5400.00" end="7200.00" id="3045_OnRamp" nVehContrib="0" flow="0.00" occupancy="0.00" speed="-1.00" length="-1.00" nVehEntered="0"/>
   <interval begin="5400.00" end="7200.00" id="3046_OnRamp" nVehContrib="0" flow="0.00" occupancy="0.00" speed="-1.00" length="-1.00" nVehEntered="0"/>
   <interval begin="5400.00" end="7200.00" id="3053_OnRamp" nVehContrib="97" flow="194.00" occupancy="1.12" speed="24.04" length="4.96" nVehEntered="97"/>
   <interval begin="5400.00" end="7200.00" id="3054_OnRamp" nVehContrib="82" flow="164.00" occupancy="0.66" speed="35.11" length="5.05" nVehEntered="82"/>
   <interval begin="5400.00" end="7200.00" id="3055_OnRamp" nVehContrib="0" flow="0.00" occupancy="0.00" speed="-1.00" length="-1.00" nVehEntered="0"/>
   <interval begin="5400.00" end="7200.00" id="3056_OnRamp" nVehContrib="0" flow="0.00" occupancy="0.00" speed="-1.00" length="-1.00" nVehEntered="0"/>
   <interval begin="5400.00" end="7200.00" id="3057_OnRamp" nVehContrib="42" flow="84.00" occupancy="0.50" speed="24.10" length="5.07" nVehEntered="42"/>
   <interval begin="5400.00" end="7200.00" id="3058_OnRamp" nVehContrib="71" flow="142.00" occupancy="0.60" speed="34.15" length="5.05" nVehEntered="71"/>
   <interval begin="5400.00" end="7200.00" id="3059_OnRamp" nVehContrib="0" flow="0.00" occupancy="0.00" speed="-1.00" length="-1.00" nVehEntered="0"/>
   <interval begin="5400.00" end="7200.00" id="3060_OnRamp" nVehContrib="15" flow="30.00" occupancy="0.11" speed="36.35" length="4.83" nVehEntered="15"/>
   <interval begin="5400.00" end="7200.00" id="3072_OnRamp" nVehContrib="58" flow="116.00" occupancy="0.64" speed="25.84" length="5.07" nVehEntered="58"/>
   <interval begin="5400.00" end="7200.00" id="3073_OnRamp" nVehContrib="0" flow="0.00" occupancy="0.00" speed="-1.00" length="-1.00" nVehEntered="0"/>
   <interval begin="5400.00" end="7200.00" id="3074_OnRamp" nVehContrib="0" flow="0.00" occupancy="0.00" speed="-1.00" length="-1.00" nVehEntered="0"/>
   <interval begin="5400.00" end="7200.00" id="3075_OnRamp" nVehContrib="0" flow="0.00" occupancy="0.00" speed="-1.00" length="-1.00" nVehEntered="0"/>
   <interval begin="5400.00" end="7200.00" id="3076_OnRamp" nVehContrib="5" flow="10.00" occupancy="0.06" speed="23.69" length="4.90" nVehEntered="5"/>
   <interval begin="5400.00" end="7200.00" id="3077_OnRamp" nVehContrib="0" flow="0.00" occupancy="0.00" speed="-1.00" length="-1.00" nVehEntered="0"/>
   <interval begin="5400.00" end="7200.00" id="3078_OnRamp" nVehContrib="0" flow="0.00" occupancy="0.00" speed="-1.00" length="-1.00" nVehEntered="0"/>
   <interval begin="5400.00" end="7200.00" id="3079_OnRamp" nVehContrib="0" flow="0.00" occupancy="0.00" speed="-1.00" length="-1.00" nVehEntered="0"/>
   <interval begin="5400.00" end="7200.00" id="3081_OnRamp" nVehContrib="1" flow="2.00" occupancy="0.01" speed="39.95" length="4.50" nVehEntered="1"/>
   <interval begin="5400.00" end="7200.00" id="3082_OnRamp" nVehContrib="85" flow="170.00" occupancy="0.75" speed="33.41" length="5.20" nVehEntered="85"/>
   <interval begin="5400.00" end="7200.00" id="3083_OnRamp" nVehContrib="0" flow="0.00" occupancy="0.00" speed="-1.00" length="-1.00" nVehEntered="0"/>
   <interval begin="5400.00" end="7200.00" id="3084_OnRamp" nVehContrib="34" flow="68.00" occupancy="0.25" speed="37.84" length="4.91" nVehEntered="34"/>
   <interval begin="5400.00" end="7200.00" id="3087_OnRamp" nVehContrib="0" flow="0.00" occupancy="0.00" speed="-1.00" length="-1.00" nVehEntered="0"/>
   <interval begin="5400.00" end="7200.00" id="3088_OnRamp" nVehContrib="114" flow="228.00" occupancy="0.96" speed="34.24" length="5.08" nVehEntered="114"/>
   <interval begin="5400.00" end="7200.00" id="3089_OnRamp" nVehContrib="0" flow="0.00" occupancy="0.00" speed="-1.00" length="-1.00" nVehEntered="0"/>
   <interval begin="5400.00" end="7200.00" id="3090_OnRamp" nVehContrib="5" flow="10.00" occupancy="0.04" speed="37.03" length="5.00" nVehEntered="5"/>
   <interval begin="5400.00" end="7200.00" id="3096_OnRamp" nVehContrib="1" flow="2.00" occupancy="0.01" speed="34.22" length="4.50" nVehEntered="1"/>
   <interval begin="5400.00" end="7200.00" id="3097_OnRamp" nVehContrib="79" flow="158.00" occupancy="0.68" speed="33.63" length="5.09" nVehEntered="79"/>
   <interval begin="5400.00" end="7200.00" id="3098_OnRamp" nVehContrib="0" flow="0.00" occupancy="0.00" speed="-1.00" length="-1.00" nVehEntered="0"/>
   <interval begin="5400.00" end="7200.00" id="3099_OnRamp" nVehContrib="47" flow="94.00" occupancy="0.36" speed="36.03" length="4.97" nVehEntered="47"/>
   <interval begin="5400.00" end="7200.00" id="3114_OnRamp" nVehContrib="89" flow="178.00" occupancy="1.12" speed="22.55" length="5.07" nVehEntered="89"/>
   <interval begin="5400.00" end="7200.00" id="3115_OnRamp" nVehContrib="58" flow="116.00" occupancy="0.50" speed="33.03" length="5.06" nVehEntered="58"/>
   <interval begin="5400.00" end="7200.00" id="3116_OnRamp" nVehContrib="0" flow="0.00" occupancy="0.00" speed="-1.00" length="-1.00" nVehEntered="0"/>
   <interval begin="5400.00" end="7200.00" id="3117_OnRamp" nVehContrib="0" flow="0.00" occupancy="0.00" speed="-1.00" length="-1.00" nVehEntered="0"/>
   <interval begin="5400.00" end="7200.00" id="3121_OnRamp" nVehContrib="21" flow="42.00" occupancy="0.22" speed="27.10" length="4.88" nVehEntered="21"/>
   <interval begin="5400.00" end="7200.00" id="3122_OnRamp" nVehContrib="73" flow="146.00" occupancy="0.66" speed="32.79" length="5.25" nVehEntered="73"/>
   <interval begin="5400.00" end="7200.00" id="3123_OnRamp" nVehContrib="0" flow="0.00" occupancy="0.00" speed="-1.00" length="-1.00" nVehEntered="0"/>
   <interval begin="5400.00" end="7200.00" id="3124_OnRamp" nVehContrib="40" flow="80.00" occupancy="0.30" speed="37.18" length="4.90" nVehEntered="40"/>
   <interval begin="5400.00" end="7200.00" id="3132_OnRamp" nVehContrib="85" flow="170.00" occupancy="1.00" speed="23.76" length="4.99" nVehEntered="85"/>
   <interval begin="5400.00" end="7200.00" id="3133_OnRamp" nVehContrib="32" flow="64.00" occupancy="0.29" speed="33.16" length="5.25" nVehEntered="32"/>
   <interval begin="5400.00" end="7200.00" id="3134_OnRamp" nVehContrib="0" flow="0.00" occupancy="0.00" speed="-1.00" length="-1.00" nVehEntered="0"/>
   <interval begin="5400.00" end="7200.00" id="3135_OnRamp" nVehContrib="5" flow="10.00" occupancy="0.04" speed="36.26" length="5.00" nVehEntered="5"/>
   <interval begin="7200.00" end="9000.00" id="2853_OnRamp" nVehContrib="1" flow="2.00" occupancy="0.01" speed="32.00" length="5.00" nVehEntered="1"/>
   <interval begin="7200.00" end="9000.00" id="2854_OnRamp" nVehContrib="111" flow="222.00" occupancy="0.95" speed="33.26" length="5.06" nVehEntered="111"/>
   <interval begin="7200.00" end="9000.00" id="2855_OnRamp" nVehContrib="0" flow="0.00" occupancy="0.00" speed="-1.00" length="-1.00" nVehEntered="0"/>
   <interval begin="7200.00" end="9000.00" id="2856_OnRamp" nVehContrib="62" flow="124.00" occupancy="0.48" speed="35.28" length="4.82" nVehEntered="62"/>
   <interval begin="7200.00" end="9000.00" id="2900_OnRamp" nVehContrib="4" flow="8.00" occupancy="0.04" speed="27.47" length="4.50" nVehEntered="4"/>
   <interval begin="7200.00" end="9000.00" id="2901_OnRamp" nVehContrib="2" flow="4.00" occupancy="0.02" speed="33.63" length="5.00" nVehEntered="2"/>
   <interval begin="7200.00" end="9000.00" id="2902_OnRamp" nVehContrib="0" flow="0.00" occupancy="0.00" speed="-1.00" length="-1.00" nVehEntered="0"/>
   <interval begin="7200.00" end="9000.00" id="2903_OnRamp" nVehContrib="0" flow="0.00" occupancy="0.00" speed="-1.00" length="-1.00" nVehEntered="0"/>
   <interval begin="7200.00" end="9000.00" id="2904_OnRamp" nVehContrib="72" flow="144.00" occupancy="0.88" speed="24.01" length="5.22" nVehEntered="72"/>
   <interval begin="7200.00" end="9000.00" id="2905_OnRamp" nVehContrib="97" flow="194.00" occupancy="0.79" speed="34.09" length="4.91" nVehEntered="97"/>
   <interval begin="7200.00" end="9000.00" id="2906_OnRamp" nVehContrib="0" flow="0.00" occupancy="0.00" speed="-1.00" length="-1.00" nVehEntered="0"/>
   <interval begin="7200.00" end="9000.00" id="2907_OnRamp" nVehContrib="3" flow="6.00" occupancy="0.02" speed="38.60" length="4.50" nVehEntered="3"/>
   <interval begin="7200.00" end="9000.00" id="2908_OnRamp" nVehContrib="0" flow="0.00" occupancy="0.00" speed="-1.00" length="-1.00" nVehEntered="0"/>
   <interval begin="7200.00" end="9000.00" id="2909_OnRamp" nVehContrib="89" flow="178.00" occupancy="0.78" speed="32.53" length="5.09" nVehEntered="89"/>
   <interval begin="7200.00" end="9000.00" id="2910_OnRamp" nVehContrib="0" flow="0.00" occupancy="0.00" speed="-1.00" length="-1.00" nVehEntered="0"/>
   <interval begin="7200.00" end="9000.00" id="2911_OnRamp" nVehContrib="76" flow="152.00" occupancy="0.59" speed="35.17" length="4.84" nVehEntered="76"/>
   <interval begin="7200.00" end="9000.00" id="2912_OnRamp" nVehContrib="49" flow="98.00" occupancy="0.56" speed="23.99" length="4.90" nVehEntered="49"/>
   <interval begin="7200.00" end="9000.00" id="2913_OnRamp" nVehContrib="1" flow="2.00" occupancy="0.01" speed="23.07" length="6.00" nVehEntered="1"/>
   <interval begin="7200.00" end="9000.00" id="2914_OnRamp" nVehContrib="1" flow="2.00" occupancy="0.01" speed="20.00" length="4.50" nVehEntered="1"/>
   <interval begin="7200.00" end="9000.00" id="2915_OnRamp" nVehContrib="3" flow="6.00" occupancy="0.03" speed="30.91" length="4.67" nVehEntered="3"/>
   <interval begin="7200.00" end="9000.00" id="2924_OnRamp" nVehContrib="5" flow="10.00" occupancy="0.04" speed="31.55" length="4.90" nVehEntered="5"/>
   <interval begin="7200.00" end="9000.00" id="2925_OnRamp" nVehContrib="3" flow="6.00" occupancy="0.03" speed="26.77" length="5.00" nVehEntered="3"/>
   <interval begin="7200.00" end="9000.00" id="2926_OnRamp" nVehContrib="6" flow="12.00" occupancy="0.05" speed="32.65" length="5.17" nVehEntered="6"/>
   <interval begin="7200.00" end="9000.00" id="2927_OnRamp" nVehContrib="0" flow="0.00" occupancy="0.00" speed="-1.00" length="-1.00" nVehEntered="0"/>
   <interval begin="7200.00" end="9000.00" id="2941_OnRamp" nVehContrib="40" flow="80.00" occupancy="0.34" speed="32.50" length="4.88" nVehEntered="40"/>
   <interval begin="7200.00" end="9000.00" id="2942_OnRamp" nVehContrib="143" flow="286.00" occupancy="1.19" speed="33.64" length="4.95" nVehEntered="143"/>
   <interval begin="7200.00" end="9000.00" id="2943_OnRamp" nVehContrib="0" flow="0.00" occupancy="0.00" speed="-1.00" length="-1.00" nVehEntered="0"/>
   <interval begin="7200.00" end="9000.00" id="2944_OnRamp" nVehContrib="0" flow="0.00" occupancy="0.00" speed="-1.00" length="-1.00" nVehEntered="0"/>
   <interval begin="7200.00" end="9000.00" id="2947_OnRamp" nVehContrib="9" flow="18.00" occupancy="0.08" speed="31.98" length="5.00" nVehEntered="9"/>
   <interval begin="7200.00" end="9000.00" id="2948_OnRamp" nVehContrib="138" flow="276.00" occupancy="1.15" speed="33.41" length="4.96" nVehEntered="138"/>
   <interval begin="7200.00" end="9000.00" id="2949_OnRamp" nVehContrib="0" flow="0.00" occupancy="0.00" speed="-1.00" length="-1.00" nVehEntered="0"/>
   <interval begin="7200.00" end="9000.00" id="2950_OnRamp" nVehContrib="42" flow="84.00" occupancy="0.31" speed="35.83" length="4.80" nVehEntered="42"/>
   <interval begin="7200.00" end="9000.00" id="2963_OnRamp" nVehContrib="4" flow="8.00" occupancy="0.04" speed="29.32" length="5.50" nVehEntered="4"/>
   <interval begin="7200.00" end="9000.00" id="2964_OnRamp" nVehContrib="0" flow="0.00" occupancy="0.00" speed="-1.00" length="-1.00" nVehEntered="0"/>
   <interval begin="7200.00" end="9000.00" id="2965_OnRamp" nVehContrib="0" flow="0.00" occupancy="0.00" speed="-1.00" length="-1.00" nVehEntered="0"/>
   <interval begin="7200.00" end="9000.00" id="2966_OnRamp" nVehContrib="0" flow="0.00" occupancy="0.00" speed="-1.00" length="-1.00" nVehEntered="0"/>
   <interval begin="7200.00" end="9000.00" id="2970_OnRamp" nVehContrib="4" flow="8.00" occupancy="0.04" speed="26.30" length="5.12" nVehEntered="4"/>
   <interval begin="7200.00" end="9000.00" id="2971_OnRamp" nVehContrib="3" flow="6.00" occupancy="0.04" speed="24.04" length="5.83" nVehEntered="3"/>
   <interval begin="7200.00" end="9000.00" id="2972_OnRamp" nVehContrib="5" flow="10.00" occupancy="0.04" speed="31.27" length="4.70" nVehEntered="5"/>
   <interval begin="7200.00" end="9000.00" id="2973_OnRamp" nVehContrib="0" flow="0.00" occupancy="0.00" speed="-1.00" length="-1.00" nVehEntered="0"/>
   <interval begin="7200.00" end="9000.00" id="2976_OnRamp" nVehContrib="5" flow="10.00" occupancy="0.04" speed="31.40" length="4.80" nVehEntered="5"/>
   <interval begin="7200.00" end="9000.00" id="2977_OnRamp" nVehContrib="143" flow="286.00" occupancy="1.18" speed="33.97" length="4.97" nVehEntered="143"/>
   <interval begin="7200.00" end="9000.00" id="2978_OnRamp" nVehContrib="0" flow="0.00" occupancy="0.00" speed="-1.00" length="-1.00" nVehEntered="0"/>
   <interval begin="7200.00" end="9000.00" id="2979_OnRamp" nVehContrib="45" flow="90.00" occupancy="0.34" speed="35.78" length="4.82" nVehEntered="45"/>
   <interval begin="7200.00" end="9000.00" id="2980_OnRamp" nVehContrib="2" flow="4.00" occupancy="0.02" speed="24.75" length="4.50" nVehEntered="2"/>
   <interval begin="7200.00" end="9000.00" id="2981_OnRamp" nVehContrib="93" flow="186.00" occupancy="0.81" speed="32.67" length="5.04" nVehEntered="93"/>
   <interval begin="7200.00" end="9000.00" id="2982_OnRamp" nVehContrib="0" flow="0.00" occupancy="0.00" speed="-1.00" length="-1.00" nVehEntered="0"/>
   <interval begin="7200.00" end="9000.00" id="2983_OnRamp" nVehContrib="64" flow="128.00" occupancy="0.47" speed="37.26" length="4.89" nVehEntered="64"/>
   <interval begin="7200.00" end="9000.00" id="2986_OnRamp" nVehContrib="124" flow="248.00" occupancy="1.42" speed="24.14" length="4.94" nVehEntered="124"/>
   <interval begin="7200.00" end="9000.00" id="2987_OnRamp" nVehContrib="88" flow="176.00" occupancy="0.80" speed="32.48" length="5.01" nVehEntered="88"/>
   <interval begin="7200.00" end="9000.00" id="2988_OnRamp" nVehContrib="1" flow="2.00" occupancy="0.01" speed="37.51" length="4.50" nVehEntered="2"/>
   <interval begin="7200.00" end="9000.00" id="2989_OnRamp" nVehContrib="28" flow="56.00" occupancy="0.21" speed="36.61" length="4.88" nVehEntered="28"/>
   <interval begin="7200.00" end="9000.00" id="2991_OnRamp" nVehContrib="0" flow="0.00" occupancy="0.00" speed="-1.00" length="-1.00" nVehEntered="0"/>
   <interval begin="7200.00" end="9000.00" id="2992_OnRamp" nVehContrib="102" flow="204.00" occupancy="0.84" speed="34.49" length="5.01" nVehEntered="102"/>
   <interval begin="7200.00" end="9000.00" id="2993_OnRamp" nVehContrib="0" flow="0.00" occupancy="0.00" speed="-1.00" length="-1.00" nVehEntered="0"/>
   <interval begin="7200.00" end="9000.00" id="2994_OnRamp" nVehContrib="59" flow="118.00" occupancy="0.47" speed="35.41" length="5.02" nVehEntered="59"/>
   <interval begin="7200.00" end="9000.00" id="3000_OnRamp" nVehContrib="1" flow="2.00" occupancy="0.01" speed="23.11" length="5.00" nVehEntered="1"/>
   <interval begin="7200.00" end="9000.00" id="3001_OnRamp" nVehContrib="103" flow="206.00" occupancy="0.84" speed="34.90" length="5.02" nVehEntered="103"/>
   <interval begin="7200.00" end="9000.00" id="3002_OnRamp" nVehContrib="0" flow="0.00" occupancy="0.00" speed="-1.00" length="-1.00" nVehEntered="0"/>
   <interval begin="7200.00" end="9000.00" id="3003_OnRamp" nVehContrib="59" flow="118.00" occupancy="0.46" speed="36.03" length="5.01" nVehEntered="59"/>
   <interval begin="7200.00" end="9000.00" id="3043_OnRamp" nVehContrib="12" flow="24.00" occupancy="0.15" speed="22.82" length="5.12" nVehEntered="12"/>
   <interval begin="7200.00" end="9000.00" id="3044_OnRamp" nVehContrib="0" flow="0.00" occupancy="0.00" speed="-1.00" length="-1.00" nVehEntered="0"/>
   <interval begin="7200.00" end="9000.00" id="3045_OnRamp" nVehContrib="0" flow="0.00" occupancy="0.00" speed="-1.00" length="-1.00" nVehEntered="0"/>
   <interval begin="7200.00" end="9000.00" id="3046_OnRamp" nVehContrib="0" flow="0.00" occupancy="0.00" speed="-1.00" length="-1.00" nVehEntered="0"/>
   <interval begin="7200.00" end="9000.00" id="3053_OnRamp" nVehContrib="137" flow="274.00" occupancy="1.62" speed="23.97" length="5.02" nVehEntered="137"/>
   <interval begin="7200.00" end="9000.00" id="3054_OnRamp" nVehContrib="99" flow="198.00" occupancy="0.80" speed="34.21" length="4.93" nVehEntered="99"/>
   <interval begin="7200.00" end="9000.00" id="3055_OnRamp" nVehContrib="0" flow="0.00" occupancy="0.00" speed="-1.00" length="-1.00" nVehEntered="0"/>
   <interval begin="7200.00" end="9000.00" id="3056_OnRamp" nVehContrib="4" flow="8.00" occupancy="0.03" speed="36.82" length="4.62" nVehEntered="4"/>
